X,Y,Label,BP1.tif,BP2.tif,BP3.tif,BP4.tif,BP5.tif,BP6.tif,BP7.tif,BP8.tif,BP9.tif,BP10.tif,BP11.tif,BP12.tif,BP13.tif,BP14.tif,BP15.tif,BP16.tif,BP17.tif
440786.81,2642077.56,1,255.0,0.0,18.30956,208.46255,152.20735,114.00378,234.12842,228.79446,255.0,189.99142,96.22357,142.49387,107.813644,28.982534,99.487175,140.27893,74.33537
436430.6,2641788.57,1,204.0,0.0,25.89363,196.37796,154.88005,99.24977,234.96191,192.50989,218.57143,189.29941,103.20966,146.2758,114.96029,32.605453,105.902405,138.11736,61.644485
439430.23,2635532.39,1,204.0,0.0,17.336666,211.16273,151.58533,118.567696,229.82527,230.81027,241.33928,161.38103,81.484215,121.85392,75.54669,23.429373,79.46984,117.893326,54.730854
441866.23,2636260.49,1,204.0,0.0,90.72331,211.47581,154.37881,95.33982,230.8104,208.63637,250.44643,172.84044,86.196846,120.62417,87.382164,23.928879,84.419785,126.54013,54.492645
442487.62,2636011.97,1,187.0,0.0,108.05369,208.5334,160.16492,102.08016,230.15619,176.3834,250.44643,167.2051,82.24527,107.87817,76.55524,21.19539,78.483986,120.91981,50.461884
440306.36,2635313.46,1,204.0,0.0,36.61912,212.68546,144.46045,83.83822,233.30171,240.88933,241.33928,159.397,80.96085,121.4312,73.39661,22.169678,78.148155,116.91824,50.520348
440618.2,2635465.95,1,204.0,0.0,48.68059,210.57866,144.18248,80.05702,235.31836,236.85771,241.33928,159.35359,80.50446,121.09037,73.33221,21.032137,77.79386,117.39706,49.278275
437981.18,2640674.63,1,187.0,0.0,52.782196,211.68063,136.65091,61.990353,239.38072,0.0,250.44643,188.26987,97.307625,138.31628,108.89328,32.145267,101.02021,134.75366,66.67321
440156.26,2640050.33,1,187.0,0.0,4.8083262,201.24538,135.35905,82.13012,235.02538,0.0,241.33928,193.85002,103.099464,143.76346,117.20998,30.864637,102.845604,141.23434,69.093414
438945.73,2641377.88,1,187.0,0.0,53.1097,204.54134,136.00952,87.38121,235.75034,216.6996,250.44643,195.14372,100.30891,149.29156,122.747185,32.821922,105.66241,141.31665,74.47854
439171.58,2641284.66,1,187.0,0.0,45.615784,208.50937,137.79987,95.259056,233.88254,228.79446,250.44643,193.50917,99.31507,147.07857,119.27347,32.356117,104.143425,140.25989,73.3674
438703.59,2640963.71,1,187.0,0.0,53.75872,211.14137,128.60745,58.4638,238.83072,240.88933,250.44643,193.01901,99.64089,146.48183,118.4686,32.810524,104.47269,139.17609,72.32694
443621.5474,2784652.973,1,204.0,178.5182,40.94142,189.41905,118.019936,86.957634,228.85619,242.90514,127.5,139.42699,84.67062,93.2198,62.693867,18.80571,74.32287,106.781654,59.34392
443846.0449,2787763.743,1,204.0,129.27267,37.4,211.02855,157.30484,84.70702,233.4104,248.95258,182.14285,146.4814,90.258194,104.45555,80.67641,16.605963,73.79568,115.20501,67.186874
443611.5166,2784664.088,1,204.0,178.5182,40.94142,189.41905,118.019936,86.957634,228.85619,240.88933,127.5,139.5879,84.74649,93.75253,62.819313,18.988462,74.46116,106.81575,59.632313
442605.9107,2782774.708,1,187.0,231.50291,26.55485,198.05196,143.52138,101.30492,236.32101,240.88933,91.07143,141.10104,89.75252,99.86303,61.078934,24.81626,78.606606,111.39468,56.081326
442676.7385,2782840.851,1,187.0,229.57082,21.770622,199.28294,150.6315,95.399704,237.97797,246.93675,91.07143,140.99529,89.533005,98.67666,60.882732,24.757507,78.36283,110.863846,56.513412
443602.5069,2787343.954,1,204.0,138.03015,32.25523,211.66458,155.55057,73.90424,232.99153,252.98419,163.92857,144.71852,89.694405,103.707924,75.90576,18.21076,74.633766,112.50374,66.26326
445208.2975,2790792.357,1,34.0,88.70189,4.8083262,193.97382,122.631714,120.330574,232.36296,236.85771,195.80357,152.11946,92.26377,114.21918,99.5857,19.82148,80.84128,127.11392,97.405426
446692.3696,2786545.224,1,34.0,91.409584,45.361656,200.05338,121.65731,105.29629,231.57214,220.73123,218.57143,142.4462,83.74754,84.67133,73.35924,19.569256,71.57486,116.427765,63.253307
442783.5161,2791422.519,1,238.0,154.8587,45.615784,202.2123,163.11673,124.02117,236.29938,160.25693,182.14285,145.51903,90.47336,109.59278,81.121414,25.72839,88.05828,119.7568,62.903694
444535.4146,2788812.904,1,0.0,104.02,19.233305,203.04214,131.58246,99.1114,233.05132,244.92094,200.35715,149.65207,88.52748,103.42147,84.82151,18.508207,78.63942,122.21822,76.824394
444606.0662,2788845.836,1,0.0,101.52075,17.0,203.23412,135.75513,98.004425,233.50574,244.92094,200.35715,149.78644,88.32175,104.12727,84.69487,18.573072,79.13327,122.29949,77.91878
443836.0622,2787785.932,1,238.0,129.27267,37.4,211.02855,157.30484,84.70702,233.4104,248.95258,191.25,146.4814,90.258194,104.45555,80.67641,16.605963,73.79568,115.20501,67.186874
443866.3773,2787807.954,1,238.0,128.33873,37.4,207.51216,157.30484,84.70702,237.13905,248.95258,191.25,146.4814,90.258194,104.45555,80.67641,16.605963,73.79568,115.20501,67.186874
443866.3773,2787807.954,1,238.0,128.33873,37.4,207.51216,157.30484,84.70702,237.13905,248.95258,191.25,146.4814,90.258194,104.45555,80.67641,16.605963,73.79568,115.20501,67.186874
443866.3773,2787807.954,1,238.0,128.33873,37.4,207.51216,157.30484,84.70702,237.13905,248.95258,191.25,146.4814,90.258194,104.45555,80.67641,16.605963,73.79568,115.20501,67.186874
443866.3773,2787807.954,1,238.0,128.33873,37.4,207.51216,157.30484,84.70702,237.13905,248.95258,191.25,146.4814,90.258194,104.45555,80.67641,16.605963,73.79568,115.20501,67.186874
443866.3773,2787807.954,1,238.0,128.33873,37.4,207.51216,157.30484,84.70702,237.13905,248.95258,191.25,146.4814,90.258194,104.45555,80.67641,16.605963,73.79568,115.20501,67.186874
443866.3773,2787807.954,1,238.0,128.33873,37.4,207.51216,157.30484,84.70702,237.13905,248.95258,191.25,146.4814,90.258194,104.45555,80.67641,16.605963,73.79568,115.20501,67.186874
443866.3773,2787807.954,1,238.0,128.33873,37.4,207.51216,157.30484,84.70702,237.13905,248.95258,191.25,146.4814,90.258194,104.45555,80.67641,16.605963,73.79568,115.20501,67.186874
443805.7929,2787774.984,1,238.0,129.27267,37.554226,211.02855,159.4294,86.32082,233.4104,242.90514,182.14285,146.33063,90.30354,104.77301,80.37491,16.588783,73.7906,114.83049,67.1903
443805.7929,2787774.984,1,238.0,129.27267,37.554226,211.02855,159.4294,86.32082,233.4104,242.90514,182.14285,146.33063,90.30354,104.77301,80.37491,16.588783,73.7906,114.83049,67.1903
394989.48,2701876.82,1,153.0,36.510445,27.411676,207.77141,166.4587,112.45944,230.20709,212.66798,241.33928,186.9245,89.92445,129.76935,94.19163,38.447044,95.779854,115.714615,78.669586
395027.94,2701935.28,1,153.0,34.68375,26.55485,207.77141,166.4587,112.45944,230.20709,212.66798,241.33928,186.78815,89.842026,128.20917,92.56749,37.90776,95.467766,115.00994,78.56069
396611.7,2700994.88,1,153.0,68.66085,85.812126,200.12988,160.75539,133.61685,231.99925,240.88933,236.78572,192.6659,90.746765,129.9168,92.893715,40.43653,95.883675,122.71202,73.64062
396676.88,2700935.34,1,153.0,68.66085,87.74372,203.48816,175.69168,131.72206,234.84128,228.79446,236.78572,192.22115,90.68945,129.5338,92.9549,40.36494,95.93867,122.6794,73.627846
390750.22,2704695.8,1,153.0,55.04693,92.490005,202.61824,164.85806,126.31501,235.13576,255.0,214.01785,190.77257,88.374756,147.4672,77.30442,38.171665,87.73826,102.73726,84.81007
395979.26,2703221.07,1,153.0,7.65,17.336666,205.23624,173.50908,132.47339,229.44614,212.66798,227.67857,187.37238,91.53341,111.42911,79.115,32.018013,90.98845,98.96426,89.69769
393330.35,2701505.73,1,153.0,34.68375,4.8083262,208.00517,148.89482,119.489426,232.4908,0.0,250.44643,188.74797,95.958916,137.4043,99.87019,40.1239,100.18728,122.49473,80.82393
391738.65,2702660.07,1,238.0,0.0,62.50824,206.06245,166.09923,125.23451,234.98372,196.5415,250.44643,190.16248,97.255035,126.718956,85.71472,37.840073,96.57504,113.05652,85.8956
391202.01,2703222.53,1,238.0,17.85,91.3582,203.99,170.0656,121.0948,232.1358,204.60475,241.33928,193.17744,96.50514,129.39658,83.59117,38.36572,94.87905,107.72297,88.21036
394781.07,2702478.52,1,153.0,20.558758,7.602631,210.36234,181.71184,121.69603,233.38968,0.0,236.78572,185.53952,89.58905,126.12383,90.48989,35.821888,95.942696,111.2741,79.30229
394858.53,2702479.17,1,153.0,21.027838,9.6166525,210.36234,176.6267,119.211845,233.38968,0.0,236.78572,185.51253,89.57845,125.43548,89.95148,35.786556,95.64167,111.17026,79.41699
396178.51,2701376.12,1,238.0,56.331337,67.05849,211.0798,163.52461,126.53848,233.44055,248.95258,241.33928,195.84409,91.132965,131.97989,91.66117,40.761154,95.34658,122.1807,73.88802
396236.5,2701333.24,1,153.0,56.61919,68.84476,211.71658,153.21266,114.67647,232.48611,248.95258,241.33928,196.16397,91.17074,132.06667,91.612274,40.838287,95.34715,122.376785,73.7423
395281.57,2702069.66,1,153.0,33.540016,28.849955,201.40483,173.66196,128.11745,234.41321,255.0,250.44643,186.99445,89.84028,126.17069,90.43758,37.32968,94.9422,114.15131,78.59417
394667.23,2702544.28,1,153.0,17.85,3.4,206.53342,188.73993,130.50732,236.4984,246.93675,232.23215,185.5083,89.56067,126.142586,90.32778,35.397892,96.27537,110.6178,79.25552
395480.24,2701782.11,1,153.0,42.055676,40.94142,198.24403,177.05875,113.82378,233.4507,228.79446,245.89285,189.38966,90.19483,128.32953,91.39194,38.628914,95.112724,117.1002,77.04895
395525.86,2701744.55,1,187.0,42.74579,40.94142,198.24403,177.05875,113.82378,233.4507,228.79446,245.89285,190.18028,90.30297,128.31023,90.91747,38.720413,94.9941,117.35268,76.799805
392513.23,2702196.39,1,153.0,15.5110445,33.658283,204.91351,184.0716,127.20487,237.63045,0.0,255.0,190.94048,100.45651,134.00372,93.524185,38.93717,100.9066,121.71349,83.84293
401003.95,2708999.96,1,221.0,102.66719,100.45835,213.02263,179.9537,101.57634,232.88849,160.25693,209.46428,175.17268,88.84258,118.76597,95.91942,39.874516,96.6176,122.86218,68.69129
400368.02,2709428.35,1,221.0,119.44238,91.862946,213.76215,177.90726,95.87519,235.48793,160.25693,218.57143,176.2,90.38844,127.36455,102.43632,39.444458,97.51255,124.283035,74.3314
400391.86,2709297.44,1,221.0,114.5231,87.74372,210.0403,171.10867,89.11429,235.47762,160.25693,218.57143,175.95071,90.78062,126.82461,102.10483,39.51197,97.61557,124.39418,73.96898
400360.22,2709361.34,1,221.0,116.99471,89.76257,213.76215,177.90726,95.87519,235.48793,160.25693,218.57143,176.02507,90.5433,127.110954,102.21489,39.47291,97.539116,124.37023,74.1072
400347.06,2709291.3,1,221.0,114.5231,87.74372,213.22089,171.10867,89.11429,235.15578,160.25693,218.57143,175.95071,90.78062,126.82461,102.10483,39.51197,97.61557,124.39418,73.96898
400309.05,2709329.1,1,221.0,116.99471,87.08249,213.22089,189.0969,94.52313,235.15578,160.25693,218.57143,176.10632,90.991615,128.37117,103.33433,39.517986,97.805756,124.86291,74.808235
400201.11,2709429.53,1,221.0,120.03974,86.683334,206.61142,192.53018,107.713524,234.24567,160.25693,218.57143,176.4114,91.30015,129.75323,104.63433,39.582714,98.07708,125.304405,75.6295
400188.74,2709510.83,1,221.0,123.088684,86.683334,210.53468,174.32825,97.95315,234.88588,160.25693,218.57143,176.4114,91.30015,129.75323,104.63433,39.582714,98.07708,125.304405,75.6295
400163.26,2709529.78,1,221.0,123.088684,88.98652,210.53468,174.32825,97.95315,234.88588,160.25693,218.57143,176.75255,91.21562,129.87234,104.917175,39.58663,98.115395,125.13357,75.90011
400125.16,2709554.96,1,221.0,123.088684,86.54987,214.13266,198.06119,106.80936,233.16913,160.25693,218.57143,176.75255,91.21562,129.87234,104.917175,39.58663,98.115395,125.13357,75.90011
391453.48,2703221.81,1,153.0,17.105919,84.180046,202.51486,169.0449,116.23979,234.08614,226.77866,241.33928,191.00972,95.94188,126.16233,82.7919,37.714447,94.6748,108.796455,87.2599
400129.54,2709655.83,1,221.0,125.57293,91.3582,217.47696,169.31248,108.06341,231.54631,168.32016,218.57143,177.20734,91.2101,129.9094,105.27894,39.608032,98.20354,124.887634,76.23231
375353.28,2774708.29,1,204.0,0.0,85.812126,207.19579,157.55437,103.33719,236.65552,208.63637,255.0,182.96526,121.30999,135.75655,114.062874,53.119923,120.291725,122.48937,79.55608
394373.21,2778571.46,1,0.0,222.08435,98.6,192.59648,193.23055,154.5801,232.01553,160.25693,232.23215,166.01372,96.66176,113.70484,85.25176,38.914413,99.57185,106.6725,71.45819
400217.08,2776859.99,1,153.0,0.0,4.8083262,201.42374,191.18874,140.90494,232.29504,192.50989,227.67857,163.57773,104.77094,94.43834,89.98473,47.8217,99.914,124.10604,66.15634
400217.08,2776859.99,1,153.0,0.0,4.8083262,201.42374,191.18874,140.90494,232.29504,192.50989,227.67857,163.57773,104.77094,94.43834,89.98473,47.8217,99.914,124.10604,66.15634
384151.84,2717148.32,1,136.0,28.509865,4.8083262,206.01141,132.69339,116.32153,228.77742,228.79446,154.82143,161.05148,83.38131,108.52218,73.89343,28.794476,86.146965,98.13148,88.7472
380249.57,2724869.82,1,153.0,77.55522,86.013954,201.38907,140.76282,117.34932,234.55188,240.88933,186.69643,183.22095,87.19041,119.63948,79.3155,37.635437,94.51404,103.84363,115.21581
380182.86,2724959.61,1,153.0,76.414955,81.74155,198.44757,144.71953,119.0818,236.71399,238.87352,186.69643,181.95493,86.6601,118.61534,78.15979,37.235394,94.03736,103.38724,113.33084
380302.2,2724777.08,1,238.0,78.72028,89.24595,200.77989,146.7639,112.20816,232.41972,240.88933,186.69643,183.1414,87.24398,119.63114,79.21959,37.585926,94.50229,103.86976,115.73052
380463.53,2724572.66,1,238.0,78.72028,97.89403,200.19681,136.86383,106.3636,232.24747,238.87352,186.69643,184.33604,87.989784,120.60103,80.30585,37.977146,95.00551,104.51336,118.58073
380132.65,2725006.19,1,153.0,77.55522,81.74155,199.87912,144.71953,119.0818,236.48952,238.87352,186.69643,181.95493,86.6601,118.61534,78.15979,37.235394,94.03736,103.38724,113.33084
380069.01,2725126.71,1,153.0,76.54249,74.25712,199.53416,141.42535,112.166534,238.15184,238.87352,186.69643,180.2623,85.901985,117.106384,76.59971,36.72609,93.375786,102.76223,110.310455
380019.15,2725213.28,1,153.0,77.84812,73.395905,201.12206,141.05453,111.29482,235.5596,238.87352,182.14285,180.2623,85.901985,117.106384,76.59971,36.72609,93.375786,102.76223,110.310455
379956.71,2725146.14,1,238.0,74.34464,73.395905,202.31703,141.05453,111.29482,232.18474,236.85771,186.69643,178.73425,85.34346,115.99906,75.21022,36.223194,92.82129,102.243675,108.81245
379270.98,2726160.18,1,238.0,70.85146,36.61912,191.34123,127.528496,134.72806,234.61324,230.81027,200.35715,169.79118,79.10687,104.82205,62.2604,31.750063,86.958115,94.91615,93.14818
379346.42,2726105.08,1,136.0,73.0654,40.8,195.8307,126.85086,133.9917,234.1938,230.81027,200.35715,170.276,79.97637,106.02754,64.07389,32.428123,87.83504,96.340546,93.84784
378317.7,2730959.27,1,136.0,106.06284,25.89363,196.34688,135.95929,121.086685,234.23024,0.0,173.03572,171.57928,83.6551,107.496346,67.89089,35.946484,89.62858,100.76167,82.526764
378192.93,2730834.24,1,136.0,102.63551,28.037117,199.80956,133.74411,110.23972,230.142,255.0,182.14285,170.78339,83.208824,106.34246,67.427574,35.494076,89.3622,100.48642,82.334816
378240.06,2730759.99,1,136.0,101.52075,24.041632,199.80956,131.78217,111.857056,230.142,0.0,182.14285,171.52322,83.83063,107.61504,68.515495,35.78917,89.84589,101.14789,83.10562
378031.88,2732336.91,1,136.0,115.20245,65.40031,195.02222,140.7776,104.63556,227.23184,250.96838,163.92857,170.68698,81.49009,104.902306,62.098717,35.01635,87.21574,95.92413,76.96374
377983.54,2732272.74,1,136.0,111.764496,64.15107,195.02222,138.44852,90.35834,227.23184,250.96838,163.92857,170.06042,81.566475,104.24042,62.46615,34.814297,87.35385,96.29367,77.14384
377924.66,2732288.63,1,136.0,111.764496,66.01606,197.0098,134.22777,121.30414,229.5505,250.96838,163.92857,170.06042,81.566475,104.24042,62.46615,34.814297,87.35385,96.29367,77.14384
378057.26,2732665.86,1,136.0,118.62297,74.567825,197.22278,145.5915,95.47526,230.6075,246.93675,173.03572,171.62248,81.08614,105.139275,60.9172,35.190716,86.73381,94.72608,76.26801
378121.02,2732886.8,1,136.0,123.1679,80.81707,196.76782,143.36446,94.73873,228.72304,234.8419,182.14285,172.40924,80.70071,105.981125,60.001537,35.51954,86.33517,93.83028,75.74233
378476.26,2726272.63,1,102.0,54.750824,28.037117,199.64488,132.40163,123.19164,232.03705,252.98419,209.46428,166.31052,75.67912,100.11906,54.48314,28.68264,83.38423,88.99608,91.47054
387271.13,2713078.51,1,153.0,95.8203,25.89363,204.46553,167.40024,103.4572,233.1264,244.92094,236.78572,177.69502,86.040436,120.07614,82.57121,34.462902,92.97671,99.52162,82.79152
375945.37,2736287.04,1,136.0,143.73045,78.495094,191.34654,139.3518,113.52409,229.19998,230.81027,245.89285,164.02274,82.68898,118.566826,75.189316,41.22336,88.91785,102.43034,77.162125
386373.26,2715137.6,1,153.0,100.36121,30.410524,198.26941,158.12497,133.13013,234.02606,234.8419,236.78572,181.36858,82.7588,136.01236,91.0789,35.80933,94.62244,98.20531,84.25204
386395.22,2715069.74,1,153.0,101.52075,29.049612,201.95346,161.78313,126.159325,232.67989,234.8419,236.78572,181.68181,82.430916,136.51256,91.197296,35.800255,94.510925,98.03396,84.07724
386360.73,2714980.82,1,153.0,98.100464,27.411676,200.78532,162.73503,120.25268,229.67831,234.8419,236.78572,181.85039,82.243,136.67758,91.18801,35.769123,94.414215,97.96543,83.95301
385990.31,2718204.62,1,153.0,26.253857,73.23824,203.32382,149.09595,123.05757,233.85585,232.8261,232.23215,166.6203,90.39301,118.08418,78.052284,35.742676,95.47978,100.74336,90.63264
386006.01,2718059.91,1,153.0,31.95141,72.044716,203.68486,162.9129,119.482956,233.15794,228.79446,232.23215,167.35571,90.87865,118.28325,79.14547,35.849834,95.874504,101.14981,90.71634
375771.44,2736630.08,1,238.0,151.05386,90.019775,196.81343,145.96307,125.6852,226.8172,236.85771,245.89285,166.93747,83.73714,121.61565,80.193474,43.163986,90.37638,105.39373,78.90749
423807.17,2650675.62,1,187.0,140.82835,131.32982,202.32112,148.6374,104.69254,233.58116,238.87352,255.0,168.046,92.519554,127.21615,99.13104,47.882084,93.95358,123.02455,53.60348
430628.46,2785898.08,1,204.0,0.0,44.72002,203.01488,154.27094,110.152695,234.67435,212.66798,186.69643,141.66547,85.5433,84.00412,72.42561,24.080908,76.3017,112.18342,70.132545
429132.1,2786858.18,1,187.0,211.15788,0.0,199.21924,163.23647,91.311165,233.90102,184.44664,245.89285,139.5608,85.34355,84.07832,74.195816,24.293377,75.15817,110.75467,67.363335
425571.79,2788040.03,1,34.0,121.14512,116.843315,198.99153,174.94658,105.28933,232.52165,152.19368,232.23215,135.79805,85.56333,86.5995,93.54122,23.786362,76.362175,125.53087,69.286224
432170.75,2792058.47,1,204.0,225.32535,6.8,201.09752,165.192,104.17151,235.14468,180.41502,214.01785,136.11789,85.12703,130.37085,63.992714,23.343554,72.33543,98.606026,58.90358
432453.92,2792289.61,1,34.0,232.55385,17.0,200.92703,166.41393,105.46426,233.4234,176.3834,214.01785,139.02013,86.009056,134.75917,64.801674,23.559065,74.273674,100.44135,59.510365
432111.44,2792280.25,1,187.0,224.92097,3.4,200.14278,167.65848,103.29438,235.64546,176.3834,214.01785,134.95529,84.9562,133.75328,63.338684,23.325325,71.45014,97.4566,58.46379
432111.44,2792280.25,1,187.0,224.92097,3.4,200.14278,167.65848,103.29438,235.64546,176.3834,214.01785,134.95529,84.9562,133.75328,63.338684,23.325325,71.45014,97.4566,58.46379
432111.44,2792280.25,1,187.0,224.92097,3.4,200.14278,167.65848,103.29438,235.64546,176.3834,214.01785,134.95529,84.9562,133.75328,63.338684,23.325325,71.45014,97.4566,58.46379
432172.48,2792401.76,1,187.0,224.76193,6.8,204.34148,171.04839,100.491615,234.63948,0.0,214.01785,135.85007,85.230095,134.94925,63.599373,23.3993,72.06178,98.06261,58.66239
432172.48,2792401.76,1,187.0,224.76193,6.8,204.34148,171.04839,100.491615,234.63948,0.0,214.01785,135.85007,85.230095,134.94925,63.599373,23.3993,72.06178,98.06261,58.66239
432202.52,2792368.38,1,187.0,227.30785,6.8,204.34148,171.04839,100.491615,234.63948,176.3834,214.01785,135.85007,85.230095,134.94925,63.599373,23.3993,72.06178,98.06261,58.66239
432241.53,2792113.49,1,204.0,227.65088,10.2,201.09752,169.7955,92.13513,235.14468,176.3834,214.01785,137.05066,85.36946,130.4364,64.33384,23.395708,72.99629,99.31223,59.15529
432170.75,2792058.47,1,204.0,225.32535,6.8,201.09752,165.192,104.17151,235.14468,180.41502,214.01785,136.11789,85.12703,130.37085,63.992714,23.343554,72.33543,98.606026,58.90358
432170.75,2792058.47,1,204.0,225.32535,6.8,201.09752,165.192,104.17151,235.14468,180.41502,214.01785,136.11789,85.12703,130.37085,63.992714,23.343554,72.33543,98.606026,58.90358
432170.64,2792036.32,1,204.0,225.32535,6.8,203.18367,172.13329,100.66367,236.87296,180.41502,214.01785,136.11789,85.12703,130.37085,63.992714,23.343554,72.33543,98.606026,58.90358
432170.64,2792036.32,1,204.0,225.32535,6.8,203.18367,172.13329,100.66367,236.87296,180.41502,214.01785,136.11789,85.12703,130.37085,63.992714,23.343554,72.33543,98.606026,58.90358
432170.75,2792058.47,1,204.0,225.32535,6.8,201.09752,165.192,104.17151,235.14468,180.41502,214.01785,136.11789,85.12703,130.37085,63.992714,23.343554,72.33543,98.606026,58.90358
432271.63,2792091.19,1,204.0,227.865,10.2,201.2584,169.7955,92.13513,234.91711,176.3834,214.01785,137.05066,85.36946,130.4364,64.33384,23.395708,72.99629,99.31223,59.15529
432180.38,2791969.83,1,204.0,225.57054,7.602631,203.18367,172.13329,100.66367,236.87296,180.41502,209.46428,136.25966,85.09102,128.65598,64.15007,23.31917,72.45723,98.82121,58.996395
432051.57,2792391.29,1,187.0,222.2161,3.4,201.82494,168.47926,97.83146,235.21675,0.0,214.01785,134.88467,84.98684,135.06438,63.227215,23.338438,71.374466,97.29491,58.396202
432051.57,2792391.29,1,187.0,222.2161,3.4,201.82494,168.47926,97.83146,235.21675,0.0,214.01785,134.88467,84.98684,135.06438,63.227215,23.338438,71.374466,97.29491,58.396202
432061.47,2792358.02,1,187.0,222.2161,3.4,201.18918,168.47926,97.83146,233.88643,176.3834,214.01785,134.88467,84.98684,135.06438,63.227215,23.338438,71.374466,97.29491,58.396202
432402.34,2792046.24,1,34.0,232.94499,13.6,200.59753,169.40514,89.06825,236.70364,176.3834,214.01785,138.02087,85.625694,130.79654,64.66748,23.447166,73.669235,100.004585,59.400333
432015.95,2791317.29,1,204.0,225.12326,6.8,200.47923,154.6871,98.060875,235.41885,180.41502,209.46428,136.82396,84.4298,117.532074,64.71027,23.008844,72.62431,99.42029,59.072388
404100.61,2740484.27,1,153.0,176.11623,68.423676,200.6361,167.18893,118.63451,234.99658,196.5415,182.14285,154.60257,80.36693,105.11518,69.292046,39.34428,83.17921,127.65777,55.161148
404157.06,2740504.37,1,153.0,174.68896,66.97224,200.6361,172.43454,123.07181,234.99658,200.57312,182.14285,154.53836,80.41008,105.14264,69.32847,39.33641,83.26648,127.45056,55.189606
404196.77,2740091.21,1,153.0,183.88312,54.823353,206.6238,177.74121,140.06499,232.57855,196.5415,195.80357,155.29501,80.6266,105.686386,70.841644,39.439552,83.72667,127.45257,56.14449
404252.37,2740017.89,1,153.0,183.88312,53.218422,207.61555,183.75206,139.9386,233.58069,196.5415,195.80357,155.50307,80.85653,105.90159,71.33006,39.46578,84.073166,127.187744,56.50322
404182.17,2740231.33,1,153.0,178.95477,60.82105,205.426,176.12605,135.93013,233.27861,196.5415,191.25,154.80779,80.36116,105.329216,69.958084,39.371017,83.315025,127.54075,55.51858
403641.56,2740697.21,1,153.0,162.72118,80.60223,199.75424,183.02455,127.07976,229.54971,196.5415,182.14285,155.12291,81.98948,105.89514,68.83531,39.390152,84.41344,127.02309,55.801346
403664.38,2740736.47,1,153.0,161.27615,83.628944,200.79121,183.02455,127.07976,232.90138,196.5415,182.14285,155.15694,82.315254,105.965065,68.692955,39.388535,84.700745,126.79236,55.88951
403683.62,2740741.88,1,153.0,161.27615,83.628944,201.94765,176.1524,126.412,232.68195,196.5415,182.14285,155.15694,82.315254,105.965065,68.692955,39.388535,84.700745,126.79236,55.88951
403688.78,2740726.89,1,153.0,161.27615,83.628944,200.79121,183.02455,127.07976,232.90138,196.5415,182.14285,155.15694,82.315254,105.965065,68.692955,39.388535,84.700745,126.79236,55.88951
403657.77,2740659.0,1,153.0,162.72118,80.60223,199.75424,183.02455,127.07976,229.54971,196.5415,182.14285,155.12291,81.98948,105.89514,68.83531,39.390152,84.41344,127.02309,55.801346
403932.74,2740203.71,1,153.0,174.68896,60.82105,202.05476,176.66716,124.530556,235.37228,196.5415,191.25,155.18562,80.503456,105.5354,70.35228,39.430645,83.4485,127.783676,55.848392
403896.93,2740157.45,1,153.0,176.11623,62.4157,202.05476,174.90471,120.71291,235.37228,196.5415,191.25,155.29797,80.70902,105.67928,70.33603,39.444942,83.59387,127.74962,55.974392
403939.02,2739987.39,1,153.0,178.95477,54.823353,201.44754,173.53864,119.78202,233.84526,192.50989,191.25,155.75052,80.77947,105.88731,71.43373,39.53759,83.94299,127.728905,56.557087
403644.19,2740726.76,1,153.0,161.27615,83.628944,199.75424,183.02455,127.07976,229.54971,196.5415,182.14285,155.15694,82.315254,105.965065,68.692955,39.388535,84.700745,126.79236,55.88951
403637.83,2740613.07,1,153.0,162.72118,77.606445,202.26573,178.14067,128.26207,230.79482,196.5415,182.14285,155.11707,81.71047,105.851105,69.012505,39.394463,84.17809,127.21997,55.76012
403696.8,2740615.76,1,153.0,164.8255,80.60223,201.15887,178.14067,128.26207,233.62387,196.5415,182.14285,155.11707,81.71047,105.851105,69.012505,39.394463,84.17809,127.21997,55.76012
403691.4,2740552.01,1,153.0,164.09402,77.606445,201.15887,178.14067,128.26207,233.62387,196.5415,186.69643,155.11707,81.71047,105.851105,69.012505,39.394463,84.17809,127.21997,55.76012
403740.89,2740544.36,1,153.0,166.23967,76.026306,201.15887,171.94888,130.32002,233.62387,196.5415,186.69643,154.92635,81.22205,105.541084,69.01334,39.37439,83.78595,127.44483,55.49609
403819.12,2740381.91,1,153.0,171.15419,70.010284,201.76418,176.72539,133.09903,228.879,196.5415,186.69643,154.90663,80.55726,105.360596,69.54378,39.38561,83.30661,127.81957,55.436188
403871.43,2740371.58,1,153.0,171.15419,68.423676,201.0607,177.72406,132.7277,232.6964,196.5415,186.69643,154.90663,80.55726,105.360596,69.54378,39.38561,83.30661,127.81957,55.436188
403855.04,2740341.35,1,153.0,171.15419,68.423676,201.76418,177.72406,132.7277,228.879,196.5415,186.69643,154.90663,80.55726,105.360596,69.54378,39.38561,83.30661,127.81957,55.436188
403888.82,2740313.99,1,153.0,171.15419,68.423676,202.149,165.17107,120.38605,232.01839,196.5415,186.69643,155.07362,80.59012,105.496086,69.90412,39.410282,83.40046,127.81003,55.664276
403905.84,2740319.18,1,153.0,173.28746,68.423676,202.149,165.17107,120.38605,232.01839,196.5415,186.69643,155.07362,80.59012,105.496086,69.90412,39.410282,83.40046,127.81003,55.664276
403946.57,2740302.18,1,153.0,173.28746,63.8802,202.149,172.43872,128.05241,232.01839,196.5415,186.69643,154.9582,80.380486,105.353096,69.92089,39.396545,83.25307,127.840195,55.54013
403935.03,2740300.15,1,153.0,174.68896,63.8802,202.149,172.43872,128.05241,232.01839,196.5415,186.69643,154.9582,80.380486,105.353096,69.92089,39.396545,83.25307,127.840195,55.54013
403999.05,2740274.24,1,153.0,176.81635,63.8802,200.03777,172.43872,128.05241,234.7792,196.5415,186.69643,154.9582,80.380486,105.353096,69.92089,39.396545,83.25307,127.840195,55.54013
403987.44,2740304.88,1,153.0,173.28746,63.8802,200.03777,172.43872,128.05241,234.7792,196.5415,186.69643,154.9582,80.380486,105.353096,69.92089,39.396545,83.25307,127.840195,55.54013
404039.72,2740277.28,1,153.0,176.81635,62.4157,200.03777,165.864,140.01472,234.7792,196.5415,186.69643,154.87398,80.31425,105.30417,69.937874,39.383114,83.23254,127.74438,55.498077
404041.27,2740281.92,1,153.0,176.81635,62.4157,200.03777,165.864,140.01472,234.7792,196.5415,186.69643,154.87398,80.31425,105.30417,69.937874,39.383114,83.23254,127.74438,55.498077
404094.44,2740265.71,1,153.0,178.95477,62.4157,199.08295,165.864,140.01472,230.76324,196.5415,191.25,154.87398,80.31425,105.30417,69.937874,39.383114,83.23254,127.74438,55.498077
404044.06,2740232.29,1,153.0,176.81635,62.4157,200.32404,171.12976,139.99573,234.14525,196.5415,191.25,154.87398,80.31425,105.30417,69.937874,39.383114,83.23254,127.74438,55.498077
404091.06,2740230.41,1,153.0,176.81635,62.4157,201.2132,171.12976,139.99573,232.98466,196.5415,191.25,154.87398,80.31425,105.30417,69.937874,39.383114,83.23254,127.74438,55.498077
404148.28,2740243.41,1,153.0,178.95477,60.82105,199.08295,169.38846,140.67953,230.76324,196.5415,191.25,154.80779,80.36116,105.329216,69.958084,39.371017,83.315025,127.54075,55.51858
404122.52,2740204.06,1,153.0,178.95477,59.378445,201.2132,171.12976,139.99573,232.98466,196.5415,191.25,155.03114,80.479576,105.50346,70.367165,39.3999,83.49668,127.49605,55.811024
404179.65,2740204.1,1,153.0,178.95477,57.8,205.426,176.12605,135.93013,233.27861,196.5415,191.25,155.03114,80.479576,105.50346,70.367165,39.3999,83.49668,127.49605,55.811024
404179.65,2740204.1,1,153.0,178.95477,57.8,205.426,176.12605,135.93013,233.27861,196.5415,191.25,155.03114,80.479576,105.50346,70.367165,39.3999,83.49668,127.49605,55.811024
404241.58,2740240.77,1,153.0,181.10388,59.378445,203.62599,171.94913,136.37318,232.67366,196.5415,191.25,154.74445,80.48596,105.4046,69.98455,39.36148,83.47247,127.25158,55.578293
403927.07,2740275.51,1,153.0,174.68896,65.40031,202.149,165.17107,120.38605,232.01839,196.5415,186.69643,154.9582,80.380486,105.353096,69.92089,39.396545,83.25307,127.840195,55.54013
403955.63,2740266.9,1,153.0,174.68896,63.8802,202.149,172.43872,128.05241,232.01839,196.5415,191.25,154.9582,80.380486,105.353096,69.92089,39.396545,83.25307,127.840195,55.54013
403928.78,2740176.58,1,153.0,176.11623,60.82105,202.05476,174.90471,120.71291,235.37228,196.5415,191.25,155.18562,80.503456,105.5354,70.35228,39.430645,83.4485,127.783676,55.848392
379754.38,2725486.28,1,153.0,74.125656,62.044178,195.64815,129.82928,119.02951,231.78853,232.8261,182.14285,174.97473,83.598656,112.559135,71.54247,34.99371,91.245255,100.70923,102.861244
379860.42,2725393.08,1,153.0,74.99776,66.01606,199.06746,144.41158,115.4033,237.21082,234.8419,182.14285,176.7463,84.40406,114.1161,73.282104,35.592823,91.989685,101.44726,105.3475
446234.6122,2790676.287,1,204.0,63.95368,26.55485,205.29199,118.97448,130.98016,233.14374,0.0,209.46428,152.41107,92.40471,113.17343,104.237274,18.573883,78.65517,126.30177,102.17137
446893.252,2790959.72,1,204.0,52.569595,36.142498,201.84474,118.704506,139.07106,232.14658,0.0,191.25,151.0995,91.14145,114.025604,101.01774,18.207363,78.111534,124.29674,98.344635
446893.252,2790959.72,1,204.0,52.569595,36.142498,201.84474,118.704506,139.07106,232.14658,0.0,191.25,151.0995,91.14145,114.025604,101.01774,18.207363,78.111534,124.29674,98.344635
446197.1696,2788274.003,1,204.0,68.66085,54.823353,204.57468,125.75226,134.9335,232.57634,0.0,154.82143,151.53886,89.7208,92.215065,94.92209,18.98867,75.49642,129.40825,75.92187
443559.4892,2787223.54,1,204.0,141.42732,29.049612,204.26248,159.56073,86.00921,237.48125,252.98419,163.92857,144.43655,89.502304,103.51486,74.92889,18.590794,74.90711,112.11538,66.12155
443474.2466,2786254.948,1,204.0,156.30066,0.0,196.49782,141.38486,84.095795,231.76501,252.98419,118.39286,142.73495,88.794174,108.62229,67.91192,20.250484,76.77183,107.72637,65.784065
443320.3877,2785603.462,1,204.0,167.29245,22.807892,196.04582,158.43074,100.99715,235.7062,238.87352,145.71428,141.97984,87.747536,105.821915,65.13145,20.858824,76.75568,106.72312,64.28113
429405.4752,2787006.868,1,204.0,213.5311,6.8,199.22331,153.63408,100.649506,235.85239,184.44664,236.78572,139.30362,84.89318,83.70715,73.77971,24.073143,75.080315,109.987976,67.32617
429405.4752,2787006.868,1,204.0,213.5311,6.8,199.22331,153.63408,100.649506,235.85239,184.44664,236.78572,139.30362,84.89318,83.70715,73.77971,24.073143,75.080315,109.987976,67.32617
425139.1225,2780729.852,1,187.0,228.59154,7.602631,207.60063,155.75443,108.73764,232.78494,196.5415,232.23215,135.3563,87.27843,93.39025,81.14342,30.179483,78.957375,117.42286,71.48522
425154.9057,2782578.51,1,204.0,200.43066,41.50229,201.0918,138.62773,114.20381,228.08672,234.8419,236.78572,131.18687,86.89154,87.32163,78.487335,28.773777,73.90063,120.158905,67.91861
425784.4096,2781987.519,1,187.0,221.86464,14.0185585,185.4886,100.78527,151.89932,221.02151,224.76285,236.78572,137.18462,86.00832,91.17537,78.4209,29.83121,75.887215,118.34453,68.87233
426993.1467,2778191.218,1,204.0,0.0,67.05849,208.70735,166.43716,112.04457,228.24324,152.19368,236.78572,148.10492,86.31518,97.90104,74.33173,26.167732,80.822334,115.08762,71.2061
426729.1553,2777534.354,1,204.0,0.0,72.763176,198.20248,159.9857,118.76501,231.53824,152.19368,245.89285,144.82353,87.06866,99.55647,72.73961,26.107191,80.503265,115.088615,67.73792
430335.0156,2787620.356,1,204.0,222.36234,35.005142,203.9646,165.74573,104.447525,232.33061,184.44664,209.46428,137.09247,82.99409,83.85168,69.45353,22.907585,74.94791,105.47976,65.79171
425242.1828,2779612.657,1,238.0,244.05511,4.8083262,194.67496,147.54732,102.45316,231.73209,180.41502,232.23215,138.2954,87.10314,97.155075,79.74525,29.631958,80.11168,116.19065,70.94563
432411.3069,2792048.653,1,34.0,232.94499,13.6,200.59753,169.40514,89.06825,236.70364,176.3834,214.01785,138.02087,85.625694,130.79654,64.66748,23.447166,73.669235,100.004585,59.400333
424326.2724,2778568.769,1,238.0,210.973,15.205262,206.09627,160.66199,105.31042,232.49847,176.3834,223.125,134.02777,86.35494,98.71182,78.61324,29.718414,76.75808,118.25322,68.28186
432073.3581,2791588.683,1,204.0,224.31306,6.8,198.43275,161.12927,112.854164,233.49985,180.41502,209.46428,136.16992,84.7224,122.411674,64.44698,23.167906,72.37317,99.00879,59.070896
432098.6082,2792199.133,1,187.0,225.10883,3.4,199.65073,164.65582,111.5099,233.27977,176.3834,214.01785,135.07753,84.92877,132.20996,63.48745,23.30982,71.563354,97.666405,58.553604
432174.5045,2792215.149,1,204.0,224.92097,6.8,202.75172,170.27176,109.908905,235.23573,176.3834,214.01785,135.99527,85.16167,132.04132,63.84142,23.365376,72.22256,98.398705,58.81219
432217.2906,2792362.28,1,187.0,227.30785,6.8,204.34148,171.04839,100.491615,234.63948,176.3834,214.01785,136.87337,85.49247,135.04176,63.98324,23.460997,72.77944,98.83933,58.935226
432073.3581,2791588.683,1,204.0,224.31306,6.8,198.43275,161.12927,112.854164,233.49985,180.41502,209.46428,136.16992,84.7224,122.411674,64.44698,23.167906,72.37317,99.00879,59.070896
380804.9578,2712751.117,1,187.0,11.403947,27.411676,192.72908,122.08285,89.544266,235.73277,220.73123,218.57143,173.61603,84.22376,126.24611,92.10642,30.918863,93.91542,112.25115,83.81674
439588.5914,2668185.687,1,153.0,0.0,18.30956,198.94005,146.76488,93.87625,235.18752,255.0,145.71428,176.47131,74.11986,126.66639,78.88631,24.216238,88.4134,114.98039,57.648254
434832.712,2775804.257,1,187.0,0.0,79.3738,196.534,146.496,95.11761,237.2912,212.66798,173.03572,138.51064,87.03385,94.76019,59.933556,24.22585,82.70672,106.329666,61.524384
435847.0722,2774920.878,1,187.0,0.0,36.142498,199.04509,135.18637,104.13804,236.65373,200.57312,109.28571,137.3806,87.079544,90.697876,59.06151,22.661922,81.55754,107.44961,57.45052
416114.3379,2743315.263,1,204.0,214.39723,158.16397,202.30301,153.87726,99.148544,235.32681,226.77866,236.78572,156.94217,86.1824,115.96241,73.811554,39.12061,89.6825,129.50014,58.170124
423484.6276,2675709.103,0,153.0,79.66454,231.04996,186.93182,156.64423,135.78084,233.43037,176.3834,54.642857,177.97423,75.46297,150.26794,115.580696,34.01489,87.23467,129.98003,79.77358
387413.9362,2651829.07,0,85.0,99.18812,44.2,203.12512,142.86954,121.35406,232.90216,234.8419,236.78572,155.73581,77.76978,90.31409,54.503284,24.296782,84.94168,131.2184,72.17494
416984.8247,2610354.105,0,204.0,238.18965,117.87757,202.25247,94.94241,92.404144,234.92688,242.90514,204.91072,156.73822,81.84984,103.54585,69.20376,28.163261,83.868706,118.926186,57.797764
445066.7839,2632941.952,0,187.0,0.0,29.049612,203.64433,140.93721,111.192894,232.1038,240.88933,236.78572,179.44121,98.33621,137.54616,102.81853,37.53847,95.88071,138.25491,59.503548
408461.5505,2666176.826,0,0.0,2.55,249.6628,192.88336,160.4805,94.98927,232.26372,246.93675,214.01785,151.09792,80.50889,104.36786,81.23042,34.211544,84.86883,103.62322,61.25286
409884.2747,2741649.444,0,153.0,247.46826,123.62168,201.17293,184.9435,128.05257,231.08339,184.44664,191.25,158.16884,81.70715,108.65622,67.31016,41.017525,85.64672,131.3102,57.692104
423485.8927,2656503.863,0,204.0,206.42403,199.90727,210.92561,138.34448,101.577354,231.71518,255.0,250.44643,166.3044,90.8671,113.8287,102.00176,28.769264,92.52923,123.22418,74.28585
398575.8176,2738241.01,0,153.0,89.83096,180.48845,203.2104,188.77063,152.49992,231.94977,208.63637,204.91072,166.82423,93.87399,127.92543,83.028366,45.28072,94.818634,119.14866,75.02906
414850.5896,2603048.785,0,204.0,84.88091,0.0,198.70773,103.898224,68.186295,234.25354,244.92094,204.91072,158.25021,82.05984,103.29933,68.72968,28.240759,85.10775,118.379,58.653893
404163.7358,2687677.653,0,153.0,37.908478,152.81099,201.6879,160.64156,108.55282,233.97021,176.3834,204.91072,177.51207,65.14823,117.64032,74.65102,35.948887,86.27097,120.562485,48.95488
374159.2814,2640563.14,0,136.0,198.04819,40.8,202.00409,174.14136,120.732605,232.90555,255.0,154.82143,164.99916,115.217094,96.09366,55.98114,29.074894,120.798355,131.12541,75.67008
438604.9941,2645439.962,0,255.0,0.0,29.049612,203.64362,137.18588,72.40373,235.25745,230.81027,245.89285,207.39969,118.23091,171.88416,134.28372,39.324284,126.57027,146.79333,71.47292
375045.9841,2606003.378,0,85.0,112.89332,0.0,215.83832,167.00172,125.667465,226.2265,255.0,227.67857,184.5949,143.21797,101.25389,59.72867,63.363693,149.30573,118.71999,39.145897
399329.0896,2632624.047,0,85.0,209.61249,214.09204,200.523,110.445465,84.371346,232.12401,232.8261,245.89285,123.017975,75.968315,75.75311,52.521614,16.004152,65.5457,116.443634,45.33463
410011.0226,2667882.359,0,187.0,53.792305,178.68608,204.254,182.5743,76.03067,237.2886,240.88933,250.44643,161.21864,90.231285,125.064255,90.23696,50.02565,98.93582,112.722305,63.287514
385955.6639,2643801.25,0,153.0,96.93355,187.27797,197.4781,152.35896,115.07199,233.25414,238.87352,72.85714,142.47536,77.92603,78.56883,49.59717,30.842184,86.48989,120.32314,50.027843
398920.7608,2773249.924,0,204.0,0.0,82.23502,196.76738,151.02168,129.56766,233.27644,176.3834,173.03572,152.87645,97.66054,93.32717,72.66605,38.079655,92.1018,105.92546,63.744495
389773.1174,2682060.429,0,153.0,115.399826,79.3738,212.35634,149.97037,125.53542,232.05783,242.90514,214.01785,168.88719,72.0663,116.0071,69.786156,42.786366,83.3935,105.10424,66.56854
409971.4145,2611529.871,0,204.0,111.764496,3.4,151.70213,82.57483,138.04292,209.91228,246.93675,204.91072,156.06602,80.73395,100.575966,66.12584,26.863441,83.386696,119.31404,57.11817
448083.1802,2645986.209,0,153.0,0.0,19.825235,205.86673,148.06566,106.30046,234.10722,0.0,91.07143,185.37468,73.889046,130.19557,88.79382,19.762953,80.84605,139.4703,51.79953
395087.32,2785669.189,0,0.0,61.30616,37.4,209.3341,174.32732,106.17965,231.25159,152.19368,245.89285,165.7346,100.79634,106.93408,86.9105,42.728973,98.57493,113.31824,69.35635
439004.6374,2673538.71,0,153.0,231.50291,91.862946,182.38876,159.14793,122.93742,234.77415,208.63637,191.25,181.55537,81.80091,129.71533,84.494705,22.015146,93.1187,118.84129,73.64696
382686.451,2640422.949,0,85.0,19.916136,91.48464,209.1495,143.82095,122.12633,227.67522,242.90514,218.57143,154.56935,79.73185,95.632935,54.598713,29.98675,87.600334,132.73648,58.63626
392460.1555,2668112.528,0,153.0,5.7019734,111.37271,206.04572,158.46413,89.004105,227.35533,228.79446,182.14285,156.61217,67.86281,82.65218,53.35565,33.326477,73.174255,87.37048,59.421677
381698.1799,2640297.619,0,85.0,41.117516,111.5283,206.43576,152.07466,129.78105,228.17043,234.8419,214.01785,157.88496,79.764,100.4986,55.35238,32.93086,90.24756,133.8455,62.637848
408952.7132,2609141.069,0,204.0,55.164936,61.2,191.46484,97.50824,88.64898,234.30295,250.96838,200.35715,157.09662,80.624115,100.50582,66.032234,26.854757,83.88123,118.8753,57.58932
414153.711,2711833.489,0,153.0,100.62004,223.70346,202.76236,187.45293,108.39129,233.04138,144.13045,182.14285,168.29556,85.35454,120.12334,84.02122,35.889313,92.15196,116.799515,73.09862
392600.3119,2614418.322,0,136.0,203.00948,42.60188,206.532,159.31927,93.836555,234.44522,250.96838,227.67857,157.01897,73.14977,93.40438,61.462563,22.03464,81.747,134.49696,51.10983
412086.6676,2667526.467,0,187.0,94.65962,121.07056,202.9175,185.71907,80.73517,237.80392,228.79446,255.0,173.47575,97.283104,136.75761,117.99854,47.771385,101.20588,131.30934,65.50497
427255.6806,2631746.652,0,0.0,27.106874,67.05849,199.56941,155.07127,103.7713,231.27188,255.0,195.80357,163.35143,77.97589,116.86201,75.27735,33.106167,84.332664,116.697975,52.954655
400002.1531,2663416.883,0,85.0,75.688194,147.18506,200.67932,109.4556,95.4663,231.67262,236.85771,223.125,133.43939,72.61211,83.61417,51.778606,24.561958,72.55769,99.50042,58.342773
427398.0356,2644529.505,0,204.0,135.15,24.517748,204.98479,134.05347,99.07253,233.20976,216.6996,241.33928,186.568,96.45283,137.64206,106.7568,45.92196,98.43198,130.58092,55.491756
412008.845,2697226.562,0,153.0,2.55,130.62375,197.95438,204.77754,97.48084,235.65791,144.13045,186.69643,179.1871,73.05568,121.13946,81.08589,35.05593,91.58701,126.27247,52.713837
405029.3179,2778076.954,0,204.0,235.98181,44.330574,195.97626,157.10541,135.22067,232.38495,152.19368,200.35715,154.01697,95.696526,81.997025,71.34445,37.866386,89.93224,116.639,58.945263
411559.2607,2685230.767,0,153.0,52.321625,3.4,205.33981,183.57472,110.968376,234.75565,192.50989,81.96429,172.75407,62.791763,102.764915,74.089386,39.36735,81.053734,114.03806,37.288704
413794.5474,2761771.789,0,238.0,5.7019734,51.898746,178.18515,94.838936,140.39325,228.74506,196.5415,209.46428,154.81845,90.581894,119.55809,68.17403,35.902035,91.60847,118.15085,97.104485
444219.8242,2756372.354,0,153.0,195.02081,85.27157,190.26631,143.11063,113.90465,226.3098,224.76285,36.42857,133.05566,88.70855,100.44262,51.822666,31.462328,80.586914,108.88354,54.539448
386788.0818,2729828.937,0,153.0,67.32193,9.6166525,199.6202,137.30286,82.96552,234.44807,212.66798,218.57143,179.28526,92.580956,111.488106,72.23958,34.927578,97.86172,103.65331,84.918335
393541.6292,2627253.037,0,85.0,9.194156,53.1097,202.95764,119.36718,96.480515,232.04773,248.95258,136.60715,142.19289,74.7783,78.88539,48.04828,16.460955,76.88473,132.03033,42.168064
435584.2189,2768467.15,0,204.0,221.86464,27.2,194.24037,129.8889,71.491234,234.00395,224.76285,173.03572,133.0907,82.91656,80.868805,47.742813,20.686678,75.876976,100.78791,47.266785
393707.5576,2760295.282,0,204.0,94.03935,34.0,201.11496,145.10371,111.151306,234.94319,180.41502,72.85714,151.87263,91.96513,109.34339,67.49014,37.269955,89.728874,99.484505,65.57252
441984.7662,2698606.183,0,153.0,70.71366,50.544636,182.97304,127.90727,131.24672,227.59282,184.44664,109.28571,150.22754,100.867905,108.45681,62.556923,30.502537,92.28324,111.48603,59.02098
433770.8534,2767243.449,0,187.0,166.86432,17.0,191.19539,160.93283,114.530815,226.45892,232.8261,118.39286,141.08235,88.36402,90.87998,59.351135,25.925158,82.08449,109.76057,52.777557
422224.2955,2754941.984,0,187.0,13.73217,154.16666,194.51508,150.82463,100.660484,234.0783,232.8261,195.80357,154.97224,93.44021,124.49343,68.9561,40.256786,91.69168,123.032845,55.94107
415725.7911,2728728.432,0,204.0,112.922104,71.48091,201.01869,153.53976,82.55202,238.36226,224.76285,236.78572,147.00954,100.82109,114.58488,57.851074,37.940727,89.846756,123.02237,55.295944
407138.4373,2656637.759,0,0.0,115.62499,0.0,203.55093,157.92786,106.15219,230.59575,232.8261,127.5,144.03993,75.27699,87.201004,71.77966,30.474567,76.186615,106.9452,55.67583
384932.697,2696746.152,0,153.0,104.55,85.0,217.74298,147.30345,115.96588,233.0972,238.87352,182.14285,172.08885,73.42534,109.90119,68.51689,31.536356,86.01674,106.61949,67.275246
447755.1782,2690606.407,0,85.0,78.5549,198.07736,196.57405,126.31054,79.95982,234.34456,208.63637,36.42857,168.61972,92.06384,126.83713,86.454956,20.31446,90.846954,129.09529,68.97167
406826.3139,2693825.919,0,153.0,27.106874,27.411676,203.36577,182.13466,107.95802,234.74059,176.3834,209.46428,182.04921,81.92082,125.69849,82.512474,40.82165,98.34593,121.83213,58.370934
382757.1174,2679025.636,0,85.0,2.55,67.74452,200.68156,151.43243,91.13897,226.71725,242.90514,223.125,162.69041,54.711433,81.28764,44.73503,34.09787,69.90219,65.41536,60.58708
406095.0556,2751397.865,0,153.0,58.148945,156.4,194.79497,163.71826,115.12474,226.63509,180.41502,81.96429,153.98314,83.660965,111.70835,63.249416,38.5662,90.626434,126.86417,58.658157
389648.6164,2637337.06,0,153.0,78.5549,62.50824,205.22105,177.40895,125.87548,233.31857,240.88933,209.46428,152.23996,67.43386,77.57682,59.09245,26.22877,78.68687,139.41011,50.206524
428728.868,2649561.424,0,204.0,234.40588,10.751744,198.14314,127.10768,103.39847,229.80779,255.0,232.23215,185.60944,91.99236,120.37508,94.4021,32.802326,94.00139,121.12445,56.43477
418938.757,2672345.976,0,153.0,97.60206,129.46814,204.93164,141.90874,91.59623,236.41167,208.63637,236.78572,182.23167,106.67011,152.04169,129.38893,55.082764,107.76221,133.47617,84.982285
445036.7229,2661248.014,0,153.0,0.0,212.05754,205.30112,130.76653,86.33835,235.05484,228.79446,127.5,178.65622,77.18926,117.105896,65.95227,21.241987,88.847855,113.66103,60.73647
410350.2784,2753551.439,0,153.0,103.14112,71.4,198.35725,138.55257,95.3663,233.57707,224.76285,182.14285,154.90205,84.21695,117.72622,65.01066,40.16644,89.73462,120.18144,74.00677
404956.593,2636394.951,0,85.0,88.37138,72.763176,196.00426,118.64778,104.49687,235.49231,236.85771,223.125,137.67767,73.75564,83.706985,44.40258,16.255428,66.774216,109.28524,46.184727
378479.603,2714846.119,0,187.0,28.509865,31.346453,192.96663,112.841995,84.18198,237.17209,242.90514,250.44643,183.82686,95.67999,124.12313,95.319435,29.495415,97.60946,105.977936,170.4119
435205.2101,2637817.96,0,187.0,225.80103,20.4,207.24254,160.41646,81.443504,238.38603,228.79446,232.23215,187.94241,93.541176,155.1102,101.23824,45.967266,97.185005,123.78272,49.391327
422411.1794,2602942.44,0,238.0,244.42784,196.75986,205.11186,133.39348,88.78784,232.72105,255.0,54.642857,158.84782,82.80176,105.70434,71.32624,29.126938,85.36213,118.80517,59.082874
410491.8552,2738275.529,0,153.0,163.08041,85.06798,208.43599,178.51599,141.39781,230.26947,230.81027,91.07143,152.56686,87.34899,107.266075,62.98426,38.903652,86.20519,122.4645,51.70622
389168.5927,2665444.107,0,153.0,102.0,40.94142,204.35527,145.06775,118.45461,226.04662,234.8419,241.33928,155.78743,75.05812,94.22032,62.26798,34.033756,78.844376,98.86497,63.303238
425006.4412,2670407.247,0,153.0,46.811775,60.15214,191.81453,132.99875,70.97895,235.04053,204.60475,214.01785,185.73059,91.77238,158.19333,130.35611,42.57662,103.90125,128.74622,85.5133
439915.0048,2718605.514,0,153.0,10.513919,0.0,194.78088,149.1908,114.103355,228.58162,226.77866,36.42857,143.13667,94.305855,118.17204,64.214165,25.952423,91.3784,117.670044,54.68777
430290.568,2684132.895,0,153.0,118.321106,0.0,196.72717,136.05267,72.34137,237.93378,196.5415,236.78572,160.74573,86.33182,122.43134,90.940186,31.182978,85.867905,126.068855,66.52446
435592.0476,2702827.993,0,153.0,86.286514,236.17154,172.64323,126.1872,142.74039,226.52676,168.32016,218.57143,143.5737,93.86361,109.79943,57.6663,34.44356,91.7216,111.44849,48.668766
438928.1966,2736387.468,0,153.0,115.31527,225.99135,203.06985,145.2976,119.19068,228.47539,212.66798,36.42857,134.67792,91.4766,116.83122,50.13895,20.363493,84.233215,113.600845,55.302525
429600.2033,2668667.967,0,153.0,159.04315,85.60982,190.47473,97.3142,79.47671,234.33879,252.98419,227.67857,183.43736,79.63206,132.79146,106.81998,36.81239,93.53561,128.21715,75.662155
433056.9398,2630405.412,0,0.0,81.00014,99.533516,210.27786,158.45255,91.23194,232.02576,252.98419,218.57143,168.42245,84.94741,115.59628,92.60898,33.847202,85.067795,118.240364,54.0282
448798.0776,2754981.635,0,153.0,115.456154,58.099224,191.5493,150.45625,105.4632,227.71915,240.88933,145.71428,140.52838,84.76955,100.560196,49.535,24.638353,78.77339,101.83612,57.66393
415351.1616,2699546.042,0,153.0,23.509838,210.90965,204.05083,178.98445,85.07083,235.18843,144.13045,118.39286,159.42625,69.95129,111.287125,63.763176,31.329506,81.28462,103.49668,60.85479
409294.9019,2629774.981,0,85.0,133.43106,101.08927,200.46457,97.62436,104.85816,228.90251,230.81027,236.78572,127.97563,78.21657,95.14575,41.925804,18.146168,64.74086,118.92846,44.45265
395886.4403,2734792.645,0,153.0,77.84812,182.46313,201.5829,159.66687,114.731064,234.3822,230.81027,173.03572,162.83594,87.11828,121.74526,70.57616,40.876507,89.90268,105.29777,75.35955
423752.2818,2791383.005,0,34.0,32.456203,10.2,197.90245,158.68884,97.98819,232.93051,152.19368,204.91072,96.91176,81.831154,86.75402,79.30885,24.173025,62.121265,118.43386,64.52004
439193.232,2725712.794,0,153.0,54.21375,0.0,201.39212,161.32768,124.371475,227.31178,228.79446,18.214285,142.8653,100.79947,121.37314,65.47703,24.914494,96.287,118.87672,59.89697
414790.6352,2736712.26,0,187.0,78.72028,97.36118,195.4576,106.91643,90.11129,233.94173,230.81027,195.80357,145.67816,96.09421,107.1698,55.18049,34.65896,88.44712,117.749084,43.822556
375924.4743,2706630.364,0,0.0,27.46434,22.807892,199.72417,144.82196,92.866165,234.84172,255.0,250.44643,181.75053,83.411804,97.27277,73.79367,27.67718,79.91322,106.31164,88.468254
418265.5259,2719559.349,0,204.0,0.0,191.61044,185.76404,109.584076,100.0071,234.19,152.19368,227.67857,159.02039,90.002464,115.78477,68.57226,35.49743,91.045845,113.271935,69.10268
415139.8121,2769724.682,0,204.0,91.124596,31.346453,203.76697,160.43967,146.52542,230.25046,144.13045,182.14285,143.88922,87.379944,84.563095,60.429005,32.14992,84.05394,108.325035,75.28382
408515.4835,2609509.006,0,204.0,53.062065,48.68059,201.54109,99.328705,109.201546,231.09373,250.96838,200.35715,157.03975,80.505394,100.29059,65.830635,26.739382,83.797935,118.9621,57.506638
416071.5752,2714277.597,0,153.0,150.08218,238.60637,197.33504,131.57,115.77183,231.43195,144.13045,204.91072,162.322,91.3471,128.13332,75.731865,40.799324,92.615326,117.575165,73.64589
419096.1432,2715401.549,0,0.0,159.04315,0.0,197.80183,169.41788,116.26057,233.13472,152.19368,245.89285,163.81866,94.55117,117.69432,73.08255,36.130466,95.34673,115.82088,70.92603
375301.1761,2770481.783,0,204.0,0.0,12.258874,196.19614,162.83047,115.4643,233.09602,168.32016,209.46428,160.80846,98.47853,114.34521,89.78294,34.93953,99.285324,106.49385,72.627365
393726.8139,2783458.731,0,187.0,100.45835,37.4,201.39886,170.2073,150.71898,235.45978,192.50989,255.0,168.16907,107.56621,109.54652,100.23493,47.527405,104.082634,119.5996,72.814735
397136.9724,2731960.99,0,153.0,140.82835,204.11331,207.26851,179.67317,133.19029,229.57785,226.77866,214.01785,167.888,88.211075,120.18302,74.34413,39.44377,92.32,108.54402,76.72327
385440.5354,2725668.89,0,153.0,46.811775,108.00018,201.86514,148.26237,109.76885,233.28607,196.5415,232.23215,176.83919,84.94147,116.351074,71.37469,35.188187,93.58387,104.31301,93.65684
378139.7679,2684603.783,0,136.0,5.1,6.8,200.16452,143.78203,100.98463,225.12148,200.57312,145.71428,174.83871,71.59709,90.9599,57.55994,32.40054,77.32114,86.3592,69.409134
432895.9308,2734506.264,0,153.0,16.127617,131.32982,207.3281,149.78198,126.34477,226.52083,204.60475,18.214285,142.20464,106.234406,127.89649,67.51309,26.481018,95.328156,124.17272,57.245533
380952.5539,2680487.736,0,136.0,16.127617,25.89363,198.82457,158.54057,89.15202,221.20763,0.0,191.25,168.97166,60.222954,87.58657,56.5993,32.113422,72.90994,75.031006,64.54684
412302.0943,2765939.306,0,238.0,33.247932,17.336666,188.75043,155.1074,98.594215,225.82436,180.41502,200.35715,141.02502,90.88081,87.00567,51.462738,26.718754,83.92268,105.22155,70.49921
422963.184,2743332.918,0,204.0,120.90334,45.615784,198.14662,136.29872,82.85006,234.62643,212.66798,227.67857,154.69415,91.505844,112.49744,67.927345,34.40848,89.59241,125.80359,66.44391
440542.7341,2701360.407,0,153.0,5.7019734,156.73225,184.15808,103.608086,115.95483,234.6832,176.3834,204.91072,140.8489,96.50276,110.39273,55.882515,31.670752,93.51705,108.88753,55.452877
411299.4583,2625977.801,0,0.0,167.93256,31.346453,199.62805,114.23609,110.54203,230.61311,226.77866,186.69643,140.83217,80.75855,95.75956,60.84537,23.098234,74.32433,124.42844,50.664364
404264.4085,2765201.578,0,204.0,162.66122,40.94142,197.94246,175.6666,96.06316,231.25839,180.41502,154.82143,153.3327,92.7078,103.32849,64.49263,34.240532,94.01054,118.968285,62.299236
392702.4778,2758370.145,0,153.0,51.57056,44.330574,213.94727,159.23894,120.577934,234.7184,204.60475,36.42857,153.87613,95.915955,112.27911,73.92329,40.884037,93.08004,104.65356,67.767395
421339.1481,2618468.07,0,0.0,142.29823,25.89363,196.73305,114.219124,71.39193,232.66206,246.93675,81.96429,155.18147,81.82847,104.99332,71.00106,28.659693,82.254875,118.73938,56.687088
418496.4761,2660638.501,0,0.0,147.10649,0.0,208.54659,138.11307,81.72934,234.5483,238.87352,214.01785,157.43796,85.72265,112.96424,89.63344,38.272343,90.21483,114.1897,57.958378
377556.2249,2763318.041,0,204.0,227.865,21.503489,206.50116,183.0963,142.42003,233.66986,160.25693,214.01785,175.85301,118.25081,135.68726,104.430855,45.412903,115.66988,123.693634,76.84326
376008.8507,2764756.599,0,204.0,0.0,30.410524,194.46924,163.69868,148.46889,232.23819,192.50989,214.01785,173.24464,115.13615,126.70762,96.563705,45.809917,111.26245,118.001274,72.626816
447576.2337,2618509.398,0,0.0,246.70508,226.3491,198.45013,120.35607,85.974686,232.78003,248.95258,250.44643,166.39642,85.96287,117.15948,84.0006,32.284042,87.76124,123.68084,61.97848
399943.4975,2716997.061,0,153.0,197.29158,77.53193,200.10652,169.15895,130.13982,232.66267,228.79446,195.80357,171.84691,68.05941,127.0015,84.75017,36.337013,80.160416,110.31404,76.16097
407722.8417,2603159.276,0,136.0,58.148945,163.55377,201.93549,104.36943,83.712296,231.38794,246.93675,214.01785,158.77655,80.82904,100.859215,66.198235,27.131702,84.84306,117.324936,58.685143
400528.8541,2701564.368,0,221.0,76.073814,152.05261,218.82317,164.9092,104.90706,232.59822,184.44664,182.14285,180.45021,82.85919,119.3451,85.941414,37.19094,95.746635,122.28478,63.767044
435206.7845,2707370.213,0,153.0,39.66869,0.0,199.13051,137.61592,115.46189,234.05544,180.41502,223.125,150.5177,86.06972,111.68732,58.13479,32.870335,89.40285,111.82169,47.937073
397892.0489,2742080.003,0,153.0,22.807894,247.07967,198.36356,158.86162,117.00325,229.803,208.63637,173.03572,160.43922,97.21417,125.067,75.99801,40.71679,97.758385,115.16646,71.62112
410674.6718,2680757.717,0,136.0,10.818733,146.47649,197.3041,173.18831,104.945885,233.65852,246.93675,182.14285,174.85909,97.22695,131.84225,107.69266,55.64354,98.1517,119.34529,73.92389
432770.0933,2649077.067,0,187.0,0.0,31.346453,204.13826,132.13618,101.05934,232.16476,180.41502,236.78572,185.05238,97.79218,135.53827,106.654495,36.96473,99.73057,131.8642,61.968094
446421.9065,2754861.399,0,153.0,134.37799,49.035496,192.6855,163.85373,119.63581,229.6165,226.77866,54.642857,136.47466,90.87271,102.24931,53.856007,28.06923,81.444786,116.0719,56.50931
404769.9157,2613623.504,0,204.0,36.24231,100.688225,199.48903,140.06479,92.238174,235.64876,252.98419,232.23215,156.34912,79.23985,98.05365,63.859444,25.434958,82.91623,120.9529,56.267017
425169.0992,2653611.619,0,204.0,208.16498,90.53198,205.96037,155.73732,104.17574,235.8921,160.25693,255.0,176.02824,96.38567,129.11725,104.87109,35.946285,98.398285,123.635544,61.246338
387799.9205,2749357.185,0,153.0,125.02803,18.30956,208.14874,174.86203,132.70302,233.14796,180.41502,214.01785,174.58951,101.0615,121.32415,81.913475,42.304104,101.39305,110.19634,73.888954
409031.8862,2657709.969,0,0.0,96.93355,0.0,209.16002,174.65482,120.74572,234.75226,252.98419,81.96429,141.82333,70.89729,84.840576,78.56453,29.355165,71.67551,110.79825,55.381474
411758.4467,2688261.006,0,153.0,100.97485,68.84476,195.97388,182.40355,117.66405,230.65796,168.32016,209.46428,176.8623,69.51644,107.62075,77.68422,37.089912,88.37517,118.548004,43.166306
439122.8989,2646353.8,0,238.0,0.0,27.2,201.60605,129.09871,83.06126,238.10355,228.79446,236.78572,198.57666,107.71483,149.41533,114.52322,34.96745,110.97655,137.5722,76.33854
438155.6525,2694520.123,0,153.0,133.1139,122.588745,188.48892,114.25695,127.55098,235.0663,160.25693,81.96429,159.2876,107.62272,117.38244,73.01716,32.77241,94.87726,114.521355,68.383194
391245.08,2611441.616,0,136.0,0.0,59.378445,214.31999,165.38475,110.6016,229.22552,246.93675,118.39286,157.38144,68.888855,91.60022,54.300564,23.015938,77.54105,119.32917,50.1564
419022.6369,2635149.72,0,85.0,0.0,33.48612,200.73573,145.69426,120.51809,227.35179,246.93675,204.91072,138.34695,76.53141,95.4811,57.68724,20.910486,69.693794,105.53902,47.596985
383345.1424,2633802.407,0,238.0,103.26713,3.4,207.68295,179.69069,89.794044,223.04652,240.88933,36.42857,143.52567,64.050316,74.72273,48.533413,23.996,78.71346,127.01317,48.56967
410592.2863,2628112.653,0,85.0,140.64352,40.94142,201.44821,90.20126,98.5733,231.99744,212.66798,223.125,133.63785,81.266685,91.27658,59.46357,19.943478,70.85856,126.994125,46.041367
419238.484,2606210.072,0,204.0,223.42717,179.52515,186.91023,115.35612,86.80359,230.57367,252.98419,214.01785,158.01419,82.35311,104.655594,70.29358,28.682295,84.771416,118.795204,58.54205
414233.045,2750099.939,0,204.0,209.1,78.27388,202.39803,180.46178,117.64828,234.64705,216.6996,218.57143,160.45772,86.83105,116.57023,69.88824,44.237473,93.32078,123.76749,58.370514
426351.7226,2748544.746,0,204.0,11.403947,231.52477,201.96294,146.35187,106.257095,231.00188,196.5415,163.92857,156.68808,95.92435,127.21664,86.148636,40.3889,91.49588,134.67784,66.678024
408967.1211,2771648.022,0,204.0,197.341,67.05849,202.8669,152.6751,154.29073,229.09776,220.73123,145.71428,139.72069,87.71668,75.33042,56.416374,29.161715,82.086624,106.09761,59.37494
374827.5286,2652825.685,0,85.0,3.6062446,0.0,197.0357,119.45562,108.74422,231.33644,244.92094,204.91072,158.57787,76.43345,104.98314,50.453213,26.451473,89.46995,101.23657,91.63775
396059.9198,2692797.002,0,153.0,42.440456,95.44255,203.7439,212.2507,149.1971,233.29195,226.77866,255.0,178.21518,90.0642,134.63467,110.20341,36.83591,98.48243,134.8129,73.084656
414401.7085,2657022.032,0,0.0,10.513919,0.0,214.35707,167.64386,85.65933,232.4248,236.85771,36.42857,131.88257,70.11434,77.961205,65.014656,24.153427,69.81787,98.41169,52.611332
410909.3212,2752200.54,0,153.0,141.05904,87.08249,200.82684,153.43289,82.32095,232.51218,168.32016,118.39286,154.28354,83.71743,115.319466,64.17321,39.515476,89.076126,120.836685,68.31732
384647.3592,2670266.036,0,153.0,18.031223,156.99019,198.4469,151.13644,109.79355,228.2796,228.79446,200.35715,153.36113,71.56427,73.812035,55.929035,32.151352,73.02588,87.80327,60.6341
386386.4501,2769616.277,0,204.0,0.0,178.16779,197.58856,141.9189,120.4191,231.37856,244.92094,250.44643,165.84067,105.26989,108.81687,91.93289,48.187267,102.40288,113.01337,73.14797
380014.7897,2604232.851,0,136.0,5.7019734,202.86351,212.8587,174.52248,145.69272,231.70448,0.0,236.78572,200.06464,166.26407,102.29445,80.28507,83.9949,173.69801,106.03443,45.370766
387023.4855,2725399.467,0,0.0,7.212489,143.00224,196.33252,142.46924,91.29298,233.14357,212.66798,227.67857,180.70256,88.27444,119.113235,78.30504,35.937035,97.314804,109.96828,92.11539
386414.6557,2683901.591,0,153.0,126.60435,40.94142,193.45029,112.68354,108.059105,234.01349,236.85771,214.01785,159.95041,70.358505,113.072105,61.88303,35.453556,79.14961,98.97298,71.25145
411480.5577,2648379.794,0,85.0,63.135036,241.99785,197.29251,125.70027,77.57623,235.99123,232.8261,232.23215,133.91374,74.41601,89.06415,58.36676,23.287638,69.99363,107.15693,52.510876
416309.0952,2768774.013,0,238.0,74.125656,51.11321,200.04474,140.61398,110.460846,231.91754,168.32016,200.35715,146.0166,87.36299,85.558304,59.358856,32.0546,83.33501,109.86661,89.31613
380242.9645,2619447.34,0,85.0,109.53134,50.544636,194.29561,133.46983,99.517105,232.03731,255.0,182.14285,163.64151,90.51009,110.1113,68.12031,23.552277,102.46444,134.3517,52.631863
407792.496,2601872.387,0,136.0,75.688194,198.07736,200.20119,110.24486,91.61477,232.37642,244.92094,214.01785,158.93874,80.99655,101.04583,66.33642,27.250612,85.044815,117.1646,58.826958
432303.792,2664372.193,0,153.0,0.0,63.517242,202.95691,153.4181,125.47883,234.64456,0.0,245.89285,176.95871,82.008484,130.30643,99.01085,38.11507,92.38566,128.68323,67.04637
413465.1791,2769716.217,0,204.0,131.14539,6.8,199.89107,151.33435,158.65247,231.96104,152.19368,182.14285,142.3139,88.552734,84.1622,60.339493,31.255117,84.09625,106.68928,70.05877
431399.8502,2756448.31,0,204.0,184.74745,53.1097,193.05716,165.44495,95.413345,231.49507,200.57312,232.23215,153.29,94.81995,124.06553,86.29319,40.273537,82.60171,129.36797,63.240566
424994.0288,2682826.431,0,153.0,183.95383,108.8,202.80594,140.03714,113.43409,231.58777,160.25693,81.96429,156.88982,80.77806,112.8643,90.42073,34.445446,84.104485,121.50888,55.899334
436779.5716,2701100.934,0,153.0,34.021244,213.98402,183.30919,124.57141,130.6593,232.46692,160.25693,209.46428,150.44315,97.663925,110.09014,64.49996,32.217113,94.04171,116.09755,54.69658
426326.3757,2669280.003,0,136.0,90.80292,3.4,181.22617,145.8462,140.35585,231.96317,238.87352,214.01785,192.84769,103.68341,162.17433,137.48984,47.237892,115.251305,136.78008,88.51858
376666.3251,2609647.432,0,85.0,48.382847,235.3871,217.4901,156.10542,132.50679,227.66553,252.98419,218.57143,169.83156,121.84117,103.91414,65.034035,40.47957,130.89122,124.49481,45.431755
417523.2931,2637438.055,0,0.0,10.818733,53.75872,199.21057,123.36208,97.10217,227.89812,240.88933,232.23215,137.20882,76.19907,91.6528,56.250275,23.59071,71.25254,101.79287,45.92659
431507.4368,2635119.681,0,0.0,110.32987,51.898746,187.63838,108.99528,80.07836,231.58745,250.96838,241.33928,176.00105,90.34594,133.30144,105.56895,42.102142,93.211555,132.91965,56.672832
423764.3953,2611656.21,0,85.0,236.54599,38.765965,194.0429,85.89186,80.47134,235.59341,230.81027,255.0,158.01044,82.56797,106.40033,72.391815,29.211302,84.24852,119.098885,58.224678
418024.2088,2731816.168,0,204.0,69.601456,39.65047,194.69955,108.466354,94.11067,227.49477,160.25693,182.14285,143.81183,95.97204,113.78183,53.567608,32.006767,86.37044,117.79251,45.782
444227.4803,2669793.868,0,153.0,0.0,13.6,201.64536,159.6802,101.97264,233.5382,216.6996,54.642857,167.67691,73.43106,114.957,75.87549,29.768967,87.55382,108.322586,61.07822
432534.5867,2634631.43,0,187.0,125.57293,62.044178,198.36292,141.27419,91.28612,234.32076,0.0,245.89285,180.71931,95.51837,135.54579,108.0612,40.68598,98.1187,136.22098,62.82921
400864.7137,2655844.992,0,85.0,21.637466,115.04869,207.58868,150.17937,101.054756,232.62254,238.87352,136.60715,125.36608,77.13545,81.60059,54.80947,19.086002,75.29098,99.28878,56.873016
430105.9114,2762739.555,0,187.0,39.586647,87.08249,200.45522,154.01646,77.568924,237.022,192.50989,204.91072,148.19464,93.28944,131.80856,77.20801,37.48107,87.738266,111.808685,60.532944
396752.2582,2605694.786,0,136.0,246.92903,129.02092,206.59181,143.53111,103.239075,231.1851,244.92094,182.14285,166.65105,68.94796,90.77111,57.515938,22.524734,75.739624,99.57759,66.21647
434394.1288,2717050.844,0,204.0,100.49071,0.0,191.9137,158.03972,129.80663,225.98076,196.5415,250.44643,154.84329,98.85959,123.50216,78.9841,31.223457,99.18627,121.90022,60.763195
398825.9842,2762129.274,0,204.0,115.06124,50.200397,198.6289,163.63405,65.599945,230.61845,180.41502,36.42857,157.29036,95.88721,116.44592,82.40993,39.168682,96.839485,113.91838,70.41208
448532.7713,2780883.931,0,238.0,224.4,111.37271,184.89005,158.78227,123.35978,225.40239,168.32016,218.57143,139.12816,86.73077,70.95961,54.709293,19.670553,74.610565,109.67297,45.220932
384885.1676,2750165.714,0,153.0,93.51932,64.95691,208.65652,171.17612,121.65626,234.71587,196.5415,200.35715,174.40141,110.0689,130.42787,92.347916,45.57014,108.45925,122.297134,71.1355
394441.3888,2756652.148,0,153.0,2.55,92.36493,211.84921,158.18367,109.20739,233.45677,196.5415,81.96429,157.24326,96.56575,109.81188,69.73506,45.830173,98.28655,105.13769,65.41642
410450.9956,2645676.752,0,85.0,2.55,220.4763,190.57559,116.64376,105.89227,234.02373,234.8419,218.57143,129.11472,72.99481,84.78626,46.760487,20.364891,66.87105,101.91248,50.32246
435822.2691,2737091.651,0,153.0,109.53134,129.8248,205.9082,144.86685,116.47141,231.70943,208.63637,18.214285,134.27397,93.38664,116.857956,61.69715,26.049496,91.91701,117.47644,60.09894
424779.5388,2665605.607,0,255.0,134.74042,6.8,197.89058,110.870995,128.07704,232.084,236.85771,236.78572,191.1463,99.653305,155.19362,133.33868,41.78348,105.60266,145.87665,76.941025
444462.5809,2652490.948,0,153.0,0.0,185.60388,193.84059,135.79507,75.72224,233.09572,220.73123,81.96429,188.06386,79.01614,134.85698,98.331,27.334358,88.8249,130.0936,62.171013
442492.5127,2763251.279,0,153.0,0.0,176.83269,200.40651,155.05217,101.71961,236.87346,204.60475,18.214285,142.39476,88.085175,103.52127,62.469685,29.704876,75.35837,115.538864,61.858074
438247.0012,2690980.178,0,153.0,106.3995,54.92868,182.86057,120.36971,135.06293,228.3919,212.66798,81.96429,162.40234,104.413315,123.47619,81.31285,29.066784,93.16184,122.58223,71.427025
382827.9492,2679687.012,0,136.0,9.194156,68.0,215.10573,140.55046,99.67356,226.37578,234.8419,227.67857,163.82272,54.23971,81.817474,43.22878,33.74827,70.12954,64.69978,60.186085
437420.4905,2650290.03,0,238.0,0.0,37.554226,199.53862,140.0935,112.97893,232.06606,230.81027,109.28571,187.85303,90.83587,136.20753,85.98411,28.471077,96.988914,122.63977,68.68379
378867.6076,2623720.887,0,85.0,107.039276,81.88284,206.15721,140.51683,108.59619,228.62202,244.92094,72.85714,161.08871,94.486404,108.40938,68.2662,25.748106,105.66017,134.23592,54.74231
433505.3672,2675056.443,0,153.0,108.18733,109.646706,199.47813,140.2513,101.452385,234.74022,212.66798,241.33928,178.3818,76.2362,123.91252,87.505165,25.720411,86.61745,124.23887,71.76258
415964.3889,2626757.171,0,85.0,73.553246,146.0418,197.42563,99.377396,69.25679,236.06958,226.77866,214.01785,135.81631,80.4845,93.61219,54.532696,24.463305,72.582596,120.69551,49.83618
438397.4273,2763646.365,0,204.0,250.22505,142.71904,203.00485,160.14275,115.75738,231.65752,204.60475,255.0,146.79839,91.80552,113.04035,74.59269,32.2431,81.39611,123.2951,62.297752
386964.7876,2739645.445,0,153.0,179.33589,22.807892,207.25157,167.88243,126.59808,237.63492,196.5415,227.67857,172.24667,96.82305,124.86231,85.97375,42.978043,96.773506,119.15932,75.16662
391139.388,2718251.865,0,153.0,77.42935,223.60008,205.09761,153.91728,130.71957,232.15518,204.60475,245.89285,169.647,87.98875,116.94868,77.813866,36.77461,94.04628,108.10567,83.76971
386926.163,2728438.682,0,238.0,45.97078,51.78726,194.85388,142.56947,87.22171,234.13995,220.73123,223.125,178.9604,91.04823,113.07464,72.260155,33.722614,97.20053,103.5331,86.34178
421669.7363,2726421.516,0,153.0,233.78091,75.49225,195.25542,145.61934,118.22593,235.55777,230.81027,204.91072,152.13716,94.5024,108.420135,61.657978,38.43265,88.27611,127.89705,45.353767
419245.6921,2694266.728,0,153.0,12.75,72.044716,208.32603,168.20659,100.50522,232.37418,144.13045,81.96429,170.27074,71.34724,111.15848,70.96782,34.36895,87.58608,113.498,57.73897
400121.6643,2644504.289,0,85.0,18.031223,23.8,193.45496,103.9478,90.39604,233.24124,232.8261,245.89285,122.65153,68.688896,73.69374,43.240116,16.003119,62.3033,95.969925,50.139744
393708.2106,2616001.356,0,238.0,158.77718,17.0,203.58965,129.63084,109.64087,234.56253,244.92094,250.44643,161.9751,71.426926,96.037605,65.86945,18.547064,78.076195,140.49362,55.28889
418901.3937,2683362.892,0,153.0,117.21683,92.36493,202.93687,189.98692,95.48928,236.32146,168.32016,241.33928,172.74968,76.15056,120.32399,92.24839,33.737534,88.05799,121.612976,67.28478
393336.4693,2684841.831,0,153.0,102.79378,220.4763,197.97885,141.92757,108.7517,224.53171,230.81027,223.125,170.05875,75.69532,120.21832,72.18725,36.344543,85.748604,106.10512,63.989567
406798.1864,2713275.245,0,153.0,176.0793,88.98652,212.5963,186.61111,81.98594,231.99062,180.41502,173.03572,174.73558,89.1617,129.77296,98.429276,36.279224,94.871086,120.10856,77.7679
390609.9271,2788605.975,0,204.0,50.229176,60.15214,202.46489,175.21298,146.7246,233.07048,184.44664,250.44643,188.20087,102.932396,123.035065,112.29887,47.857468,110.15268,130.13835,83.25468
402021.0995,2721991.204,0,153.0,104.9225,19.233305,192.09756,162.89914,123.81746,226.05399,230.81027,186.69643,159.11124,86.7387,121.99118,68.73377,36.12817,94.19669,116.15522,68.96845
440401.8986,2685738.42,0,153.0,28.849957,32.25523,199.72365,132.03436,73.07488,239.38402,204.60475,109.28571,160.4537,85.46882,131.62163,91.21232,27.519732,82.9254,137.15195,72.10099
448004.7578,2696878.515,0,238.0,16.327967,92.80194,195.41156,141.90196,61.829384,235.68396,208.63637,0.0,153.88214,91.551094,111.85717,69.74632,18.904688,90.82386,117.98341,65.30052
379245.9677,2643036.657,0,85.0,54.572384,224.14229,202.15822,141.44875,121.96385,224.3273,250.96838,204.91072,152.8283,81.854515,105.583565,58.66879,20.5327,88.90097,142.5533,89.43514
440433.5103,2601207.51,0,0.0,127.04018,152.81099,181.09496,89.39359,65.24768,232.01216,0.0,163.92857,161.62724,84.14403,110.288536,76.0864,30.541779,86.6241,119.804146,60.69638
382590.3457,2630775.323,0,85.0,164.8255,97.36118,213.0227,140.15862,107.76519,228.20848,242.90514,118.39286,158.09464,81.267044,96.69707,56.73586,26.99561,90.5161,120.079994,57.66386
387833.8746,2654191.502,0,85.0,50.487427,34.0,183.91412,88.35625,100.50246,230.74998,228.79446,200.35715,154.60449,60.817852,80.183914,44.954643,18.995735,72.80722,84.90642,71.86494
392014.0843,2727954.941,0,153.0,73.553246,119.77462,210.8707,160.46237,125.544205,235.70047,224.76285,232.23215,178.01045,93.02266,116.55183,78.69323,39.369503,95.401115,114.53294,82.97038
405792.0401,2608750.219,0,136.0,13.73217,37.4,208.5901,105.2247,103.95783,226.97285,248.95258,218.57143,158.07938,79.64734,99.22564,64.83723,26.124666,83.75553,118.488655,57.803448
442763.844,2774302.972,0,204.0,0.0,118.610794,193.74982,150.99481,109.20631,230.67607,152.19368,241.33928,144.282,87.376945,85.65224,60.350983,23.466711,80.3127,116.004555,49.378815
