BP1.tif,BP2.tif,BP3.tif,BP4.tif,BP5.tif,BP6.tif,BP7.tif,BP8.tif,BP9.tif,BP10.tif,BP11.tif,BP12.tif,BP13.tif,BP14.tif,BP15.tif,BP16.tif,Label
255.0,0.0,18.30956,208.46255,152.20735,114.00378,234.12842,88.81782,157.184,189.99142,96.22357,142.49387,107.813644,28.982534,99.487175,140.27893,1
204.0,0.0,25.89363,196.37796,154.88005,99.24977,234.96191,57.232903,155.27315,189.29941,103.20966,146.2758,114.96029,32.605453,105.902405,138.11736,1
204.0,0.0,17.336666,211.16273,151.58533,118.567696,229.82527,67.66588,161.8997,161.38103,81.484215,121.85392,75.54669,23.429373,79.46984,117.893326,1
204.0,0.0,90.72331,211.47581,154.37881,95.33982,230.8104,65.45522,155.53638,172.84044,86.196846,120.62417,87.382164,23.928879,84.419785,126.54013,1
187.0,0.0,108.05369,208.5334,160.16492,102.08016,230.15619,62.98176,153.3612,167.2051,82.24527,107.87817,76.55524,21.19539,78.483986,120.91981,1
204.0,0.0,36.61912,212.68546,144.46045,83.83822,233.30171,69.62658,160.96472,159.397,80.96085,121.4312,73.39661,22.169678,78.148155,116.91824,1
204.0,0.0,48.68059,210.57866,144.18248,80.05702,235.31836,69.767624,159.6304,159.35359,80.50446,121.09037,73.33221,21.032137,77.79386,117.39706,1
187.0,0.0,52.782196,211.68063,136.65091,61.990353,239.38072,72.11086,159.61957,188.26987,97.307625,138.31628,108.89328,32.145267,101.02021,134.75366,1
187.0,0.0,4.8083262,201.24538,135.35905,82.13012,235.02538,46.822517,155.594,193.85002,103.099464,143.76346,117.20998,30.864637,102.845604,141.23434,1
187.0,0.0,53.1097,204.54134,136.00952,87.38121,235.75034,61.836193,159.09329,195.14372,100.30891,149.29156,122.747185,32.821922,105.66241,141.31665,1
187.0,0.0,45.615784,208.50937,137.79987,95.259056,233.88254,66.09995,158.44342,193.50917,99.31507,147.07857,119.27347,32.356117,104.143425,140.25989,1
187.0,0.0,53.75872,211.14137,128.60745,58.4638,238.83072,60.186443,159.08794,193.01901,99.64089,146.48183,118.4686,32.810524,104.47269,139.17609,1
204.0,178.5182,40.94142,189.41905,118.019936,86.957634,228.85619,79.09224,117.86834,139.42699,84.67062,93.2198,62.693867,18.80571,74.32287,106.781654,1
204.0,129.27267,37.4,211.02855,157.30484,84.70702,233.4104,72.00194,128.78545,146.4814,90.258194,104.45555,80.67641,16.605963,73.79568,115.20501,1
204.0,178.5182,40.94142,189.41905,118.019936,86.957634,228.85619,79.09224,117.86834,139.5879,84.74649,93.75253,62.819313,18.988462,74.46116,106.81575,1
187.0,231.50291,26.55485,198.05196,143.52138,101.30492,236.32101,96.35829,115.21179,141.10104,89.75252,99.86303,61.078934,24.81626,78.606606,111.39468,1
187.0,229.57082,21.770622,199.28294,150.6315,95.399704,237.97797,96.18456,114.848854,140.99529,89.533005,98.67666,60.882732,24.757507,78.36283,110.863846,1
204.0,138.03015,32.25523,211.66458,155.55057,73.90424,232.99153,76.85406,126.92403,144.71852,89.694405,103.707924,75.90576,18.21076,74.633766,112.50374,1
34.0,88.70189,4.8083262,193.97382,122.631714,120.330574,232.36296,56.21722,134.20258,152.11946,92.26377,114.21918,99.5857,19.82148,80.84128,127.11392,1
34.0,91.409584,45.361656,200.05338,121.65731,105.29629,231.57214,99.62103,120.214226,142.4462,83.74754,84.67133,73.35924,19.569256,71.57486,116.427765,1
238.0,154.8587,45.615784,202.2123,163.11673,124.02117,236.29938,66.08654,143.42955,145.51903,90.47336,109.59278,81.121414,25.72839,88.05828,119.7568,1
0.0,104.02,19.233305,203.04214,131.58246,99.1114,233.05132,70.99375,130.61353,149.65207,88.52748,103.42147,84.82151,18.508207,78.63942,122.21822,1
0.0,101.52075,17.0,203.23412,135.75513,98.004425,233.50574,71.76085,130.10376,149.78644,88.32175,104.12727,84.69487,18.573072,79.13327,122.29949,1
238.0,129.27267,37.4,211.02855,157.30484,84.70702,233.4104,70.91497,128.78545,146.4814,90.258194,104.45555,80.67641,16.605963,73.79568,115.20501,1
238.0,128.33873,37.4,207.51216,157.30484,84.70702,237.13905,70.91497,128.22069,146.4814,90.258194,104.45555,80.67641,16.605963,73.79568,115.20501,1
238.0,128.33873,37.4,207.51216,157.30484,84.70702,237.13905,70.91497,128.22069,146.4814,90.258194,104.45555,80.67641,16.605963,73.79568,115.20501,1
238.0,128.33873,37.4,207.51216,157.30484,84.70702,237.13905,70.91497,128.22069,146.4814,90.258194,104.45555,80.67641,16.605963,73.79568,115.20501,1
238.0,128.33873,37.4,207.51216,157.30484,84.70702,237.13905,70.91497,128.22069,146.4814,90.258194,104.45555,80.67641,16.605963,73.79568,115.20501,1
238.0,128.33873,37.4,207.51216,157.30484,84.70702,237.13905,70.91497,128.22069,146.4814,90.258194,104.45555,80.67641,16.605963,73.79568,115.20501,1
238.0,128.33873,37.4,207.51216,157.30484,84.70702,237.13905,70.91497,128.22069,146.4814,90.258194,104.45555,80.67641,16.605963,73.79568,115.20501,1
238.0,128.33873,37.4,207.51216,157.30484,84.70702,237.13905,70.91497,128.22069,146.4814,90.258194,104.45555,80.67641,16.605963,73.79568,115.20501,1
238.0,129.27267,37.554226,211.02855,159.4294,86.32082,233.4104,72.00194,128.78545,146.33063,90.30354,104.77301,80.37491,16.588783,73.7906,114.83049,1
238.0,129.27267,37.554226,211.02855,159.4294,86.32082,233.4104,72.00194,128.78545,146.33063,90.30354,104.77301,80.37491,16.588783,73.7906,114.83049,1
153.0,36.510445,27.411676,207.77141,166.4587,112.45944,230.20709,89.24189,187.54881,186.9245,89.92445,129.76935,94.19163,38.447044,95.779854,115.714615,1
153.0,34.68375,26.55485,207.77141,166.4587,112.45944,230.20709,97.45402,187.54881,186.78815,89.842026,128.20917,92.56749,37.90776,95.467766,115.00994,1
153.0,68.66085,85.812126,200.12988,160.75539,133.61685,231.99925,85.495125,183.6664,192.6659,90.746765,129.9168,92.893715,40.43653,95.883675,122.71202,1
153.0,68.66085,87.74372,203.48816,175.69168,131.72206,234.84128,86.78651,183.32347,192.22115,90.68945,129.5338,92.9549,40.36494,95.93867,122.6794,1
153.0,55.04693,92.490005,202.61824,164.85806,126.31501,235.13576,76.3713,187.2016,190.77257,88.374756,147.4672,77.30442,38.171665,87.73826,102.73726,1
153.0,7.65,17.336666,205.23624,173.50908,132.47339,229.44614,66.97906,180.159,187.37238,91.53341,111.42911,79.115,32.018013,90.98845,98.96426,1
153.0,34.68375,4.8083262,208.00517,148.89482,119.489426,232.4908,94.80485,192.4941,188.74797,95.958916,137.4043,99.87019,40.1239,100.18728,122.49473,1
238.0,0.0,62.50824,206.06245,166.09923,125.23451,234.98372,94.05535,193.70975,190.16248,97.255035,126.718956,85.71472,37.840073,96.57504,113.05652,1
238.0,17.85,91.3582,203.99,170.0656,121.0948,232.1358,102.20274,192.28224,193.17744,96.50514,129.39658,83.59117,38.36572,94.87905,107.72297,1
153.0,20.558758,7.602631,210.36234,181.71184,121.69603,233.38968,71.46666,186.27419,185.53952,89.58905,126.12383,90.48989,35.821888,95.942696,111.2741,1
153.0,21.027838,9.6166525,210.36234,176.6267,119.211845,233.38968,72.30929,186.19826,185.51253,89.57845,125.43548,89.95148,35.786556,95.64167,111.17026,1
238.0,56.331337,67.05849,211.0798,163.52461,126.53848,233.44055,92.98834,184.92664,195.84409,91.132965,131.97989,91.66117,40.761154,95.34658,122.1807,1
153.0,56.61919,68.84476,211.71658,153.21266,114.67647,232.48611,88.357735,184.92816,196.16397,91.17074,132.06667,91.612274,40.838287,95.34715,122.376785,1
153.0,33.540016,28.849955,201.40483,173.66196,128.11745,234.41321,100.423645,186.89609,186.99445,89.84028,126.17069,90.43758,37.32968,94.9422,114.15131,1
153.0,17.85,3.4,206.53342,188.73993,130.50732,236.4984,69.9008,186.37576,185.5083,89.56067,126.142586,90.32778,35.397892,96.27537,110.6178,1
153.0,42.055676,40.94142,198.24403,177.05875,113.82378,233.4507,92.668076,186.81174,189.38966,90.19483,128.32953,91.39194,38.628914,95.112724,117.1002,1
187.0,42.74579,40.94142,198.24403,177.05875,113.82378,233.4507,91.64811,186.85558,190.18028,90.30297,128.31023,90.91747,38.720413,94.9941,117.35268,1
153.0,15.5110445,33.658283,204.91351,184.0716,127.20487,237.63045,63.669483,194.10095,190.94048,100.45651,134.00372,93.524185,38.93717,100.9066,121.71349,1
221.0,102.66719,100.45835,213.02263,179.9537,101.57634,232.88849,67.67391,173.80122,175.17268,88.84258,118.76597,95.91942,39.874516,96.6176,122.86218,1
221.0,119.44238,91.862946,213.76215,177.90726,95.87519,235.48793,70.990486,174.94798,176.2,90.38844,127.36455,102.43632,39.444458,97.51255,124.283035,1
221.0,114.5231,87.74372,210.0403,171.10867,89.11429,235.47762,70.88946,175.00705,175.95071,90.78062,126.82461,102.10483,39.51197,97.61557,124.39418,1
221.0,116.99471,89.76257,213.76215,177.90726,95.87519,235.48793,70.88946,174.94798,176.02507,90.5433,127.110954,102.21489,39.47291,97.539116,124.37023,1
221.0,114.5231,87.74372,213.22089,171.10867,89.11429,235.15578,70.88946,175.24097,175.95071,90.78062,126.82461,102.10483,39.51197,97.61557,124.39418,1
221.0,116.99471,87.08249,213.22089,189.0969,94.52313,235.15578,70.88946,175.24097,176.10632,90.991615,128.37117,103.33433,39.517986,97.805756,124.86291,1
221.0,120.03974,86.683334,206.61142,192.53018,107.713524,234.24567,71.50184,175.41202,176.4114,91.30015,129.75323,104.63433,39.582714,98.07708,125.304405,1
221.0,123.088684,86.683334,210.53468,174.32825,97.95315,234.88588,71.891365,175.35211,176.4114,91.30015,129.75323,104.63433,39.582714,98.07708,125.304405,1
221.0,123.088684,88.98652,210.53468,174.32825,97.95315,234.88588,71.891365,175.35211,176.75255,91.21562,129.87234,104.917175,39.58663,98.115395,125.13357,1
221.0,123.088684,86.54987,214.13266,198.06119,106.80936,233.16913,71.891365,175.52524,176.75255,91.21562,129.87234,104.917175,39.58663,98.115395,125.13357,1
153.0,17.105919,84.180046,202.51486,169.0449,116.23979,234.08614,103.59674,191.97931,191.00972,95.94188,126.16233,82.7919,37.714447,94.6748,108.796455,1
221.0,125.57293,91.3582,217.47696,169.31248,108.06341,231.54631,71.51405,175.46428,177.20734,91.2101,129.9094,105.27894,39.608032,98.20354,124.887634,1
204.0,0.0,85.812126,207.19579,157.55437,103.33719,236.65552,81.770134,224.42917,182.96526,121.30999,135.75655,114.062874,53.119923,120.291725,122.48937,1
0.0,222.08435,98.6,192.59648,193.23055,154.5801,232.01553,79.73354,221.86108,166.01372,96.66176,113.70484,85.25176,38.914413,99.57185,106.6725,1
153.0,0.0,4.8083262,201.42374,191.18874,140.90494,232.29504,82.14706,207.16449,163.57773,104.77094,94.43834,89.98473,47.8217,99.914,124.10604,1
153.0,0.0,4.8083262,201.42374,191.18874,140.90494,232.29504,82.14706,207.16449,163.57773,104.77094,94.43834,89.98473,47.8217,99.914,124.10604,1
136.0,28.509865,4.8083262,206.01141,132.69339,116.32153,228.77742,77.38175,178.35228,161.05148,83.38131,108.52218,73.89343,28.794476,86.146965,98.13148,1
153.0,77.55522,86.013954,201.38907,140.76282,117.34932,234.55188,78.54968,175.37811,183.22095,87.19041,119.63948,79.3155,37.635437,94.51404,103.84363,1
153.0,76.414955,81.74155,198.44757,144.71953,119.0818,236.71399,78.12507,175.40207,181.95493,86.6601,118.61534,78.15979,37.235394,94.03736,103.38724,1
238.0,78.72028,89.24595,200.77989,146.7639,112.20816,232.41972,78.688934,175.61447,183.1414,87.24398,119.63114,79.21959,37.585926,94.50229,103.86976,1
238.0,78.72028,97.89403,200.19681,136.86383,106.3636,232.24747,78.92215,176.16373,184.33604,87.989784,120.60103,80.30585,37.977146,95.00551,104.51336,1
153.0,77.55522,81.74155,199.87912,144.71953,119.0818,236.48952,77.782425,175.16058,181.95493,86.6601,118.61534,78.15979,37.235394,94.03736,103.38724,1
153.0,76.54249,74.25712,199.53416,141.42535,112.166534,238.15184,77.41299,175.1955,180.2623,85.901985,117.106384,76.59971,36.72609,93.375786,102.76223,1
153.0,77.84812,73.395905,201.12206,141.05453,111.29482,235.5596,77.29276,175.00612,180.2623,85.901985,117.106384,76.59971,36.72609,93.375786,102.76223,1
238.0,74.34464,73.395905,202.31703,141.05453,111.29482,232.18474,77.27769,174.95955,178.73425,85.34346,115.99906,75.21022,36.223194,92.82129,102.243675,1
238.0,70.85146,36.61912,191.34123,127.528496,134.72806,234.61324,73.470566,175.68117,169.79118,79.10687,104.82205,62.2604,31.750063,86.958115,94.91615,1
136.0,73.0654,40.8,195.8307,126.85086,133.9917,234.1938,75.44723,175.34912,170.276,79.97637,106.02754,64.07389,32.428123,87.83504,96.340546,1
136.0,106.06284,25.89363,196.34688,135.95929,121.086685,234.23024,88.014915,172.18251,171.57928,83.6551,107.496346,67.89089,35.946484,89.62858,100.76167,1
136.0,102.63551,28.037117,199.80956,133.74411,110.23972,230.142,87.98035,172.78368,170.78339,83.208824,106.34246,67.427574,35.494076,89.3622,100.48642,1
136.0,101.52075,24.041632,199.80956,131.78217,111.857056,230.142,93.45212,172.78368,171.52322,83.83063,107.61504,68.515495,35.78917,89.84589,101.14789,1
136.0,115.20245,65.40031,195.02222,140.7776,104.63556,227.23184,75.974365,170.89464,170.68698,81.49009,104.902306,62.098717,35.01635,87.21574,95.92413,1
136.0,111.764496,64.15107,195.02222,138.44852,90.35834,227.23184,77.88086,170.89464,170.06042,81.566475,104.24042,62.46615,34.814297,87.35385,96.29367,1
136.0,111.764496,66.01606,197.0098,134.22777,121.30414,229.5505,76.74324,170.80632,170.06042,81.566475,104.24042,62.46615,34.814297,87.35385,96.29367,1
136.0,118.62297,74.567825,197.22278,145.5915,95.47526,230.6075,72.3073,171.22577,171.62248,81.08614,105.139275,60.9172,35.190716,86.73381,94.72608,1
136.0,123.1679,80.81707,196.76782,143.36446,94.73873,228.72304,70.82379,171.38986,172.40924,80.70071,105.981125,60.001537,35.51954,86.33517,93.83028,1
102.0,54.750824,28.037117,199.64488,132.40163,123.19164,232.03705,68.32103,174.13733,166.31052,75.67912,100.11906,54.48314,28.68264,83.38423,88.99608,1
153.0,95.8203,25.89363,204.46553,167.40024,103.4572,233.1264,65.8904,188.17548,177.69502,86.040436,120.07614,82.57121,34.462902,92.97671,99.52162,1
136.0,143.73045,78.495094,191.34654,139.3518,113.52409,229.19998,80.76204,180.88753,164.02274,82.68898,118.566826,75.189316,41.22336,88.91785,102.43034,1
153.0,100.36121,30.410524,198.26941,158.12497,133.13013,234.02606,72.34942,187.1911,181.36858,82.7588,136.01236,91.0789,35.80933,94.62244,98.20531,1
153.0,101.52075,29.049612,201.95346,161.78313,126.159325,232.67989,72.29607,187.1911,181.68181,82.430916,136.51256,91.197296,35.800255,94.510925,98.03396,1
153.0,98.100464,27.411676,200.78532,162.73503,120.25268,229.67831,72.29607,187.28365,181.85039,82.243,136.67758,91.18801,35.769123,94.414215,97.96543,1
153.0,26.253857,73.23824,203.32382,149.09595,123.05757,233.85585,79.13688,188.77168,166.6203,90.39301,118.08418,78.052284,35.742676,95.47978,100.74336,1
153.0,31.95141,72.044716,203.68486,162.9129,119.482956,233.15794,79.21354,188.53275,167.35571,90.87865,118.28325,79.14547,35.849834,95.874504,101.14981,1
238.0,151.05386,90.019775,196.81343,145.96307,125.6852,226.8172,80.372025,182.73224,166.93747,83.73714,121.61565,80.193474,43.163986,90.37638,105.39373,1
187.0,140.82835,131.32982,202.32112,148.6374,104.69254,233.58116,82.79508,179.60895,168.046,92.519554,127.21615,99.13104,47.882084,93.95358,123.02455,1
204.0,0.0,44.72002,203.01488,154.27094,110.152695,234.67435,78.78791,174.2685,141.66547,85.5433,84.00412,72.42561,24.080908,76.3017,112.18342,1
187.0,211.15788,0.0,199.21924,163.23647,91.311165,233.90102,76.47135,187.97939,139.5608,85.34355,84.07832,74.195816,24.293377,75.15817,110.75467,1
34.0,121.14512,116.843315,198.99153,174.94658,105.28933,232.52165,75.19491,197.99239,135.79805,85.56333,86.5995,93.54122,23.786362,76.362175,125.53087,1
204.0,225.32535,6.8,201.09752,165.192,104.17151,235.14468,78.025444,184.57933,136.11789,85.12703,130.37085,63.992714,23.343554,72.33543,98.606026,1
34.0,232.55385,17.0,200.92703,166.41393,105.46426,233.4234,78.443825,184.15378,139.02013,86.009056,134.75917,64.801674,23.559065,74.273674,100.44135,1
187.0,224.92097,3.4,200.14278,167.65848,103.29438,235.64546,78.42247,185.36406,134.95529,84.9562,133.75328,63.338684,23.325325,71.45014,97.4566,1
187.0,224.92097,3.4,200.14278,167.65848,103.29438,235.64546,78.42247,185.36406,134.95529,84.9562,133.75328,63.338684,23.325325,71.45014,97.4566,1
187.0,224.92097,3.4,200.14278,167.65848,103.29438,235.64546,78.42247,185.36406,134.95529,84.9562,133.75328,63.338684,23.325325,71.45014,97.4566,1
187.0,224.76193,6.8,204.34148,171.04839,100.491615,234.63948,78.5352,185.26222,135.85007,85.230095,134.94925,63.599373,23.3993,72.06178,98.06261,1
187.0,224.76193,6.8,204.34148,171.04839,100.491615,234.63948,78.5352,185.26222,135.85007,85.230095,134.94925,63.599373,23.3993,72.06178,98.06261,1
187.0,227.30785,6.8,204.34148,171.04839,100.491615,234.63948,78.42309,185.26222,135.85007,85.230095,134.94925,63.599373,23.3993,72.06178,98.06261,1
204.0,227.65088,10.2,201.09752,169.7955,92.13513,235.14468,78.15405,184.57933,137.05066,85.36946,130.4364,64.33384,23.395708,72.99629,99.31223,1
204.0,225.32535,6.8,201.09752,165.192,104.17151,235.14468,78.025444,184.57933,136.11789,85.12703,130.37085,63.992714,23.343554,72.33543,98.606026,1
204.0,225.32535,6.8,201.09752,165.192,104.17151,235.14468,78.025444,184.57933,136.11789,85.12703,130.37085,63.992714,23.343554,72.33543,98.606026,1
204.0,225.32535,6.8,203.18367,172.13329,100.66367,236.87296,78.025444,184.29114,136.11789,85.12703,130.37085,63.992714,23.343554,72.33543,98.606026,1
204.0,225.32535,6.8,203.18367,172.13329,100.66367,236.87296,78.025444,184.29114,136.11789,85.12703,130.37085,63.992714,23.343554,72.33543,98.606026,1
204.0,225.32535,6.8,201.09752,165.192,104.17151,235.14468,78.025444,184.57933,136.11789,85.12703,130.37085,63.992714,23.343554,72.33543,98.606026,1
204.0,227.865,10.2,201.2584,169.7955,92.13513,234.91711,78.15405,184.28601,137.05066,85.36946,130.4364,64.33384,23.395708,72.99629,99.31223,1
204.0,225.57054,7.602631,203.18367,172.13329,100.66367,236.87296,77.92013,184.29114,136.25966,85.09102,128.65598,64.15007,23.31917,72.45723,98.82121,1
187.0,222.2161,3.4,201.82494,168.47926,97.83146,235.21675,78.53505,185.5401,134.88467,84.98684,135.06438,63.227215,23.338438,71.374466,97.29491,1
187.0,222.2161,3.4,201.82494,168.47926,97.83146,235.21675,78.53505,185.5401,134.88467,84.98684,135.06438,63.227215,23.338438,71.374466,97.29491,1
187.0,222.2161,3.4,201.18918,168.47926,97.83146,233.88643,78.437614,185.5401,134.88467,84.98684,135.06438,63.227215,23.338438,71.374466,97.29491,1
34.0,232.94499,13.6,200.59753,169.40514,89.06825,236.70364,77.91948,183.68658,138.02087,85.625694,130.79654,64.66748,23.447166,73.669235,100.004585,1
204.0,225.12326,6.8,200.47923,154.6871,98.060875,235.41885,77.45057,182.91345,136.82396,84.4298,117.532074,64.71027,23.008844,72.62431,99.42029,1
153.0,176.11623,68.423676,200.6361,167.18893,118.63451,234.99658,75.1103,151.91069,154.60257,80.36693,105.11518,69.292046,39.34428,83.17921,127.65777,1
153.0,174.68896,66.97224,200.6361,172.43454,123.07181,234.99658,75.1103,151.65694,154.53836,80.41008,105.14264,69.32847,39.33641,83.26648,127.45056,1
153.0,183.88312,54.823353,206.6238,177.74121,140.06499,232.57855,74.53066,152.31651,155.29501,80.6266,105.686386,70.841644,39.439552,83.72667,127.45257,1
153.0,183.88312,53.218422,207.61555,183.75206,139.9386,233.58069,74.36942,152.21446,155.50307,80.85653,105.90159,71.33006,39.46578,84.073166,127.187744,1
153.0,178.95477,60.82105,205.426,176.12605,135.93013,233.27861,74.69114,152.17282,154.80779,80.36116,105.329216,69.958084,39.371017,83.315025,127.54075,1
153.0,162.72118,80.60223,199.75424,183.02455,127.07976,229.54971,74.77485,152.89787,155.12291,81.98948,105.89514,68.83531,39.390152,84.41344,127.02309,1
153.0,161.27615,83.628944,200.79121,183.02455,127.07976,232.90138,74.77485,152.63629,155.15694,82.315254,105.965065,68.692955,39.388535,84.700745,126.79236,1
153.0,161.27615,83.628944,201.94765,176.1524,126.412,232.68195,74.77485,152.63629,155.15694,82.315254,105.965065,68.692955,39.388535,84.700745,126.79236,1
153.0,161.27615,83.628944,200.79121,183.02455,127.07976,232.90138,74.77485,152.63629,155.15694,82.315254,105.965065,68.692955,39.388535,84.700745,126.79236,1
153.0,162.72118,80.60223,199.75424,183.02455,127.07976,229.54971,74.774506,152.63629,155.12291,81.98948,105.89514,68.83531,39.390152,84.41344,127.02309,1
153.0,174.68896,60.82105,202.05476,176.66716,124.530556,235.37228,74.70002,152.79893,155.18562,80.503456,105.5354,70.35228,39.430645,83.4485,127.783676,1
153.0,176.11623,62.4157,202.05476,174.90471,120.71291,235.37228,74.62379,152.79893,155.29797,80.70902,105.67928,70.33603,39.444942,83.59387,127.74962,1
153.0,178.95477,54.823353,201.44754,173.53864,119.78202,233.84526,74.53334,152.99612,155.75052,80.77947,105.88731,71.43373,39.53759,83.94299,127.728905,1
153.0,161.27615,83.628944,199.75424,183.02455,127.07976,229.54971,74.77485,152.89787,155.15694,82.315254,105.965065,68.692955,39.388535,84.700745,126.79236,1
153.0,162.72118,77.606445,202.26573,178.14067,128.26207,230.79482,74.774506,153.01204,155.11707,81.71047,105.851105,69.012505,39.394463,84.17809,127.21997,1
153.0,164.8255,80.60223,201.15887,178.14067,128.26207,233.62387,74.774506,152.76135,155.11707,81.71047,105.851105,69.012505,39.394463,84.17809,127.21997,1
153.0,164.09402,77.606445,201.15887,178.14067,128.26207,233.62387,74.76596,152.76135,155.11707,81.71047,105.851105,69.012505,39.394463,84.17809,127.21997,1
153.0,166.23967,76.026306,201.15887,171.94888,130.32002,233.62387,74.7804,152.88133,154.92635,81.22205,105.541084,69.01334,39.37439,83.78595,127.44483,1
153.0,171.15419,70.010284,201.76418,176.72539,133.09903,228.879,74.80467,152.76881,154.90663,80.55726,105.360596,69.54378,39.38561,83.30661,127.81957,1
153.0,171.15419,68.423676,201.0607,177.72406,132.7277,232.6964,74.765175,152.54094,154.90663,80.55726,105.360596,69.54378,39.38561,83.30661,127.81957,1
153.0,171.15419,68.423676,201.76418,177.72406,132.7277,228.879,74.765175,152.67506,154.90663,80.55726,105.360596,69.54378,39.38561,83.30661,127.81957,1
153.0,171.15419,68.423676,202.149,165.17107,120.38605,232.01839,74.765175,152.67506,155.07362,80.59012,105.496086,69.90412,39.410282,83.40046,127.81003,1
153.0,173.28746,68.423676,202.149,165.17107,120.38605,232.01839,74.8235,152.67506,155.07362,80.59012,105.496086,69.90412,39.410282,83.40046,127.81003,1
153.0,173.28746,63.8802,202.149,172.43872,128.05241,232.01839,74.8235,152.67506,154.9582,80.380486,105.353096,69.92089,39.396545,83.25307,127.840195,1
153.0,174.68896,63.8802,202.149,172.43872,128.05241,232.01839,74.8235,152.67506,154.9582,80.380486,105.353096,69.92089,39.396545,83.25307,127.840195,1
153.0,176.81635,63.8802,200.03777,172.43872,128.05241,234.7792,74.70065,152.45882,154.9582,80.380486,105.353096,69.92089,39.396545,83.25307,127.840195,1
153.0,173.28746,63.8802,200.03777,172.43872,128.05241,234.7792,74.8235,152.45882,154.9582,80.380486,105.353096,69.92089,39.396545,83.25307,127.840195,1
153.0,176.81635,62.4157,200.03777,165.864,140.01472,234.7792,74.70065,152.45882,154.87398,80.31425,105.30417,69.937874,39.383114,83.23254,127.74438,1
153.0,176.81635,62.4157,200.03777,165.864,140.01472,234.7792,74.85084,152.45882,154.87398,80.31425,105.30417,69.937874,39.383114,83.23254,127.74438,1
153.0,178.95477,62.4157,199.08295,165.864,140.01472,230.76324,74.70065,152.2386,154.87398,80.31425,105.30417,69.937874,39.383114,83.23254,127.74438,1
153.0,176.81635,62.4157,200.32404,171.12976,139.99573,234.14525,74.70065,152.5962,154.87398,80.31425,105.30417,69.937874,39.383114,83.23254,127.74438,1
153.0,176.81635,62.4157,201.2132,171.12976,139.99573,232.98466,74.70065,152.38954,154.87398,80.31425,105.30417,69.937874,39.383114,83.23254,127.74438,1
153.0,178.95477,60.82105,199.08295,169.38846,140.67953,230.76324,74.69114,152.38954,154.80779,80.36116,105.329216,69.958084,39.371017,83.315025,127.54075,1
153.0,178.95477,59.378445,201.2132,171.12976,139.99573,232.98466,74.69114,152.38954,155.03114,80.479576,105.50346,70.367165,39.3999,83.49668,127.49605,1
153.0,178.95477,57.8,205.426,176.12605,135.93013,233.27861,74.69114,152.17282,155.03114,80.479576,105.50346,70.367165,39.3999,83.49668,127.49605,1
153.0,178.95477,57.8,205.426,176.12605,135.93013,233.27861,74.69114,152.17282,155.03114,80.479576,105.50346,70.367165,39.3999,83.49668,127.49605,1
153.0,181.10388,59.378445,203.62599,171.94913,136.37318,232.67366,74.65901,152.17282,154.74445,80.48596,105.4046,69.98455,39.36148,83.47247,127.25158,1
153.0,174.68896,65.40031,202.149,165.17107,120.38605,232.01839,74.70002,152.67506,154.9582,80.380486,105.353096,69.92089,39.396545,83.25307,127.840195,1
153.0,174.68896,63.8802,202.149,172.43872,128.05241,232.01839,74.70002,152.45882,154.9582,80.380486,105.353096,69.92089,39.396545,83.25307,127.840195,1
153.0,176.11623,60.82105,202.05476,174.90471,120.71291,235.37228,74.59425,152.79893,155.18562,80.503456,105.5354,70.35228,39.430645,83.4485,127.783676,1
153.0,74.125656,62.044178,195.64815,129.82928,119.02951,231.78853,77.624405,174.78831,174.97473,83.598656,112.559135,71.54247,34.99371,91.245255,100.70923,1
153.0,74.99776,66.01606,199.06746,144.41158,115.4033,237.21082,77.40214,174.91138,176.7463,84.40406,114.1161,73.282104,35.592823,91.989685,101.44726,1
204.0,63.95368,26.55485,205.29199,118.97448,130.98016,233.14374,77.18929,130.8822,152.41107,92.40471,113.17343,104.237274,18.573883,78.65517,126.30177,1
204.0,52.569595,36.142498,201.84474,118.704506,139.07106,232.14658,81.71225,127.72025,151.0995,91.14145,114.025604,101.01774,18.207363,78.111534,124.29674,1
204.0,52.569595,36.142498,201.84474,118.704506,139.07106,232.14658,81.71225,127.72025,151.0995,91.14145,114.025604,101.01774,18.207363,78.111534,124.29674,1
204.0,68.66085,54.823353,204.57468,125.75226,134.9335,232.57634,83.36212,121.58195,151.53886,89.7208,92.215065,94.92209,18.98867,75.49642,129.40825,1
204.0,141.42732,29.049612,204.26248,159.56073,86.00921,237.48125,78.40278,126.347984,144.43655,89.502304,103.51486,74.92889,18.590794,74.90711,112.11538,1
204.0,156.30066,0.0,196.49782,141.38486,84.095795,231.76501,88.16619,122.95956,142.73495,88.794174,108.62229,67.91192,20.250484,76.77183,107.72637,1
204.0,167.29245,22.807892,196.04582,158.43074,100.99715,235.7062,84.50561,121.799126,141.97984,87.747536,105.821915,65.13145,20.858824,76.75568,106.72312,1
204.0,213.5311,6.8,199.22331,153.63408,100.649506,235.85239,76.56843,186.13226,139.30362,84.89318,83.70715,73.77971,24.073143,75.080315,109.987976,1
204.0,213.5311,6.8,199.22331,153.63408,100.649506,235.85239,76.56843,186.13226,139.30362,84.89318,83.70715,73.77971,24.073143,75.080315,109.987976,1
187.0,228.59154,7.602631,207.60063,155.75443,108.73764,232.78494,81.36757,181.36221,135.3563,87.27843,93.39025,81.14342,30.179483,78.957375,117.42286,1
204.0,200.43066,41.50229,201.0918,138.62773,114.20381,228.08672,78.56686,187.29546,131.18687,86.89154,87.32163,78.487335,28.773777,73.90063,120.158905,1
187.0,221.86464,14.0185585,185.4886,100.78527,151.89932,221.02151,80.91529,183.9267,137.18462,86.00832,91.17537,78.4209,29.83121,75.887215,118.34453,1
204.0,0.0,67.05849,208.70735,166.43716,112.04457,228.24324,79.52059,167.65999,148.10492,86.31518,97.90104,74.33173,26.167732,80.822334,115.08762,1
204.0,0.0,72.763176,198.20248,159.9857,118.76501,231.53824,77.69584,166.9069,144.82353,87.06866,99.55647,72.73961,26.107191,80.503265,115.088615,1
204.0,222.36234,35.005142,203.9646,165.74573,104.447525,232.33061,76.614655,181.01472,137.09247,82.99409,83.85168,69.45353,22.907585,74.94791,105.47976,1
238.0,244.05511,4.8083262,194.67496,147.54732,102.45316,231.73209,78.5897,177.78261,138.2954,87.10314,97.155075,79.74525,29.631958,80.11168,116.19065,1
34.0,232.94499,13.6,200.59753,169.40514,89.06825,236.70364,77.91948,183.68658,138.02087,85.625694,130.79654,64.66748,23.447166,73.669235,100.004585,1
238.0,210.973,15.205262,206.09627,160.66199,105.31042,232.49847,80.555336,176.41684,134.02777,86.35494,98.71182,78.61324,29.718414,76.75808,118.25322,1
204.0,224.31306,6.8,198.43275,161.12927,112.854164,233.49985,77.69697,183.44571,136.16992,84.7224,122.411674,64.44698,23.167906,72.37317,99.00879,1
187.0,225.10883,3.4,199.65073,164.65582,111.5099,233.27977,78.32871,185.12973,135.07753,84.92877,132.20996,63.48745,23.30982,71.563354,97.666405,1
204.0,224.92097,6.8,202.75172,170.27176,109.908905,235.23573,78.32871,184.85136,135.99527,85.16167,132.04132,63.84142,23.365376,72.22256,98.398705,1
187.0,227.30785,6.8,204.34148,171.04839,100.491615,234.63948,78.42309,185.26222,136.87337,85.49247,135.04176,63.98324,23.460997,72.77944,98.83933,1
204.0,224.31306,6.8,198.43275,161.12927,112.854164,233.49985,77.69697,183.44571,136.16992,84.7224,122.411674,64.44698,23.167906,72.37317,99.00879,1
187.0,11.403947,27.411676,192.72908,122.08285,89.544266,235.73277,76.81365,182.55803,173.61603,84.22376,126.24611,92.10642,30.918863,93.91542,112.25115,1
153.0,0.0,18.30956,198.94005,146.76488,93.87625,235.18752,89.65807,105.83838,176.47131,74.11986,126.66639,78.88631,24.216238,88.4134,114.98039,1
187.0,0.0,79.3738,196.534,146.496,95.11761,237.2912,75.84642,126.93493,138.51064,87.03385,94.76019,59.933556,24.22585,82.70672,106.329666,1
187.0,0.0,36.142498,199.04509,135.18637,104.13804,236.65373,83.64748,118.38059,137.3806,87.079544,90.697876,59.06151,22.661922,81.55754,107.44961,1
204.0,214.39723,158.16397,202.30301,153.87726,99.148544,235.32681,78.07108,158.16121,156.94217,86.1824,115.96241,73.811554,39.12061,89.6825,129.50014,1
204.0,194.82066,55.34799,205.96136,138.50717,94.642685,227.3439,78.06948,156.63457,183.30956,93.58466,122.76089,99.6425,37.805664,91.89912,125.02274,0
255.0,173.4,42.05568,202.62964,170.07964,73.26229,236.62564,85.90816,171.7047,182.09077,98.92856,145.68845,117.42277,44.333263,100.7677,136.8062,0
153.0,0.0,6.8,193.5794,152.66197,89.324745,238.08482,83.808395,69.92925,167.65228,66.842804,111.71491,69.111435,23.715216,81.086,103.165375,0
85.0,14.424978,26.55485,204.66109,131.69075,118.06846,227.98404,82.633736,167.75627,135.83398,75.635475,92.78889,54.810913,19.98993,67.74587,100.53802,0
238.0,79.66454,211.81209,192.82332,141.53555,71.980606,233.41454,91.73063,52.451702,-99999.0,-99999.0,-99999.0,-99999.0,-99999.0,-99999.0,-99999.0,0
238.0,21.637466,66.7994,205.43156,154.31857,114.27202,230.35384,82.42323,171.33073,143.07431,68.7101,74.28918,47.592354,29.915333,68.78458,82.12722,0
153.0,99.45,136.88959,207.08354,146.55939,108.03987,231.54352,76.20449,50.575184,131.83217,90.11667,99.17477,51.200577,33.35244,79.02941,116.441124,0
204.0,147.32735,3.4,193.37059,124.18941,85.34089,229.95335,86.18252,115.69541,139.72131,88.56818,98.24832,60.82013,26.034666,78.89777,114.80035,0
204.0,158.61328,204.7071,203.35086,116.195946,84.66691,233.89946,83.22503,168.56282,157.17328,81.70964,102.87636,68.43358,27.94864,84.246925,118.78264,0
0.0,113.72542,173.36667,208.70624,130.8832,87.48866,235.83665,90.87339,131.94208,158.79277,82.841385,108.16133,74.50825,29.81936,84.23946,119.31319,0
238.0,0.0,203.23357,202.04745,128.8641,56.748245,238.83737,90.94742,154.69644,180.6949,87.9338,130.26115,86.045265,27.119577,97.10823,125.33908,0
204.0,229.23065,72.6837,200.15262,142.32413,105.43623,229.58383,76.82121,113.02071,151.4416,97.577515,124.62512,82.12488,39.84213,89.11654,127.99017,0
136.0,40.8,92.490005,202.01721,164.50052,114.16929,233.63292,80.19703,203.89468,178.10756,110.670204,127.44477,97.3393,51.808285,108.28515,122.216644,0
136.0,163.21992,24.041632,199.04805,128.79887,111.48737,230.96764,83.26571,181.45903,162.41849,73.215164,94.86653,63.35154,19.46199,82.07353,138.5774,0
255.0,84.18863,52.782196,181.16362,68.55517,92.8599,232.37582,81.237885,165.09288,165.521,64.92156,92.912476,59.845825,27.49236,72.4605,90.47618,0
0.0,49.050232,187.03091,199.2267,130.3261,78.39146,232.91019,90.166855,140.99745,163.69289,84.784996,113.48247,80.082,31.320084,86.75182,121.50076,0
85.0,88.811775,212.05754,195.84573,114.31312,88.0694,230.05736,85.493385,43.493423,140.24483,100.21942,125.913864,63.04892,17.045341,90.60933,121.195206,0
204.0,109.53134,19.825235,198.02695,152.63611,136.53426,233.49373,82.63104,235.95029,162.50998,88.59212,106.49803,86.04822,49.633846,97.62438,109.79669,0
0.0,195.03749,86.08112,206.12819,121.13828,64.60948,237.53389,81.15383,144.7912,158.50485,82.75628,107.227844,73.33968,29.4964,84.39404,119.21853,0
85.0,108.4275,21.503489,199.47606,109.68762,112.851326,231.00687,79.02442,163.15105,163.63504,68.94064,104.67122,61.20015,34.0605,75.58881,94.33647,0
34.0,197.93323,234.87086,209.61195,169.02264,144.09944,229.7765,78.580635,220.72171,143.81505,92.37672,73.67281,63.372227,26.038391,82.85092,111.61587,0
153.0,52.321625,0.0,197.54138,185.73701,95.528175,232.03273,81.247086,157.47878,172.38277,76.0026,137.5126,106.514046,38.96428,89.60065,124.32733,0
85.0,133.6015,4.8083262,214.2897,168.71185,105.80903,228.27899,65.93929,158.28574,165.47421,83.401,107.49857,63.94994,23.103718,93.85659,121.03474,0
85.0,30.811766,99.997,196.6813,147.02435,97.88151,237.42252,75.72229,92.13351,144.47685,99.432365,125.55407,68.9768,27.561584,92.09424,120.27268,0
34.0,145.97498,70.74942,200.24956,162.21968,83.45182,231.88698,78.40449,193.2369,137.03064,84.004265,85.28252,82.45667,22.210285,72.64117,108.33234,0
204.0,112.72038,0.0,206.59283,172.96864,122.01461,231.02173,82.946915,148.39632,146.04675,98.805565,125.03313,71.32872,25.681358,91.05668,121.15585,0
153.0,122.61232,138.77666,206.4419,184.72626,105.78969,234.13768,81.59387,157.24057,172.54724,71.53246,119.49226,84.12541,37.672092,84.35102,117.46987,0
153.0,52.507713,0.0,203.33107,135.15341,97.502426,235.55084,82.63744,85.25981,151.95631,99.408966,128.88187,75.125275,30.116379,96.68667,121.06506,0
0.0,55.164936,96.70595,195.82228,121.21912,92.509636,231.61392,66.88318,159.87831,146.50864,84.58841,103.52689,80.95267,30.032446,81.166695,110.716995,0
153.0,0.0,132.42552,193.20105,155.24359,97.10266,237.59853,90.4072,72.86915,164.57642,69.40639,130.43242,83.79596,27.97624,79.5989,122.84837,0
136.0,53.792305,83.9738,200.55731,117.17862,129.72925,230.0696,74.16232,184.0485,164.28363,85.74967,113.079636,64.54595,34.430088,93.364655,96.734955,0
187.0,233.78091,58.49581,214.49498,183.14058,114.54677,230.02148,77.29609,155.30667,163.40468,78.503426,122.11654,71.158875,33.159313,90.22809,99.70612,0
153.0,175.63559,81.88284,199.59352,136.92857,118.73863,230.01279,76.72367,61.13237,142.78304,91.5414,108.20931,62.787643,38.14951,83.67563,113.36085,0
153.0,18.031223,0.0,197.51703,191.60509,119.13794,234.6936,82.3388,153.84186,171.19275,97.40161,115.658745,86.22747,38.828102,103.29515,117.0479,0
153.0,34.021244,24.517748,213.88092,173.5845,138.10605,233.1882,77.609406,166.9623,166.76344,100.85813,116.78856,85.42663,45.451717,103.10394,111.95415,0
85.0,78.5549,6.8,201.19185,110.58149,71.16055,235.50288,81.22761,186.69847,150.4004,79.54784,91.45248,60.283558,21.922705,80.75172,128.70717,0
153.0,191.6406,44.2,203.6909,129.03203,99.175964,236.13266,83.23368,149.02446,147.56459,82.434875,113.90386,51.99382,30.86137,84.44625,111.55908,0
153.0,0.0,180.32826,201.07005,168.78908,102.958694,232.47757,77.67444,137.71498,157.16423,91.62742,108.146614,63.92446,39.572178,95.12507,117.2098,0
204.0,0.0,120.20815,196.9928,134.7814,127.11355,230.2478,81.12949,145.92007,177.58186,91.47744,132.79117,105.41968,48.332664,92.97276,133.64757,0
153.0,11.403947,35.497044,202.31241,134.58408,102.005905,226.66743,83.36893,152.18181,163.74187,70.15402,106.48258,60.876453,34.32557,79.57805,95.45624,0
153.0,241.17392,146.0418,200.63081,177.93323,136.99467,229.98355,78.073044,216.76146,157.19421,98.33131,94.8062,77.93546,38.944195,94.96921,123.74474,0
204.0,149.30028,66.01606,193.90636,161.945,139.90562,234.36722,77.24397,200.76445,177.90121,107.2803,130.24568,101.385185,41.110855,110.401215,125.604965,0
153.0,89.21356,0.0,207.12796,166.99342,116.93795,234.62663,75.16609,173.74123,164.98203,103.33586,126.92942,86.55782,45.02439,102.067924,120.19938,0
153.0,187.6807,249.47754,202.62727,154.64519,105.528366,235.12965,76.74377,144.25354,161.87419,93.87883,113.2345,72.327644,40.74478,96.632774,124.00048,0
85.0,109.67965,30.410524,216.13391,132.21857,117.20679,229.57129,81.18951,136.14998,142.94905,74.46835,95.00709,47.564434,35.92304,83.24356,121.88118,0
153.0,152.19037,123.20016,204.73242,163.21881,50.543484,239.67921,94.923874,160.85173,179.54948,107.7309,133.72665,123.683846,61.417534,102.4455,136.64929,0
85.0,9.194156,182.24126,209.60602,128.42436,77.37889,235.57983,84.042564,164.8757,150.82951,81.09661,104.06082,70.39213,28.846348,79.58953,117.44415,0
221.0,15.3,92.490005,201.1104,189.40755,86.46074,236.66336,69.05996,163.81157,172.75844,81.61047,118.04486,77.5318,39.064617,93.741585,121.15329,0
153.0,5.7019734,94.46862,200.13171,167.32307,121.07049,228.79155,84.98718,160.81473,158.93552,61.803577,74.69084,52.61503,27.094305,67.02263,73.58392,0
0.0,251.97305,107.35604,205.79768,136.14856,75.64228,236.4696,86.61211,145.23581,154.09032,81.40651,102.64191,68.24939,27.641981,82.03776,119.058136,0
85.0,34.68375,76.026306,197.63748,110.89735,105.74292,232.04816,83.53854,184.8306,141.71483,59.772995,67.43495,38.96794,22.552366,61.873425,81.47743,0
153.0,34.306744,44.2,199.56621,165.78494,137.4483,227.33507,82.367546,161.94902,152.48067,60.81245,73.54042,43.97591,27.940863,64.11987,74.767525,0
85.0,55.92587,7.602631,196.41945,106.0948,82.534004,233.79663,82.82157,182.48854,143.622,78.12655,79.774605,48.12607,17.198982,77.83402,135.7383,0
153.0,18.031223,74.87723,203.601,196.50313,96.99269,233.98306,66.481,147.8053,179.8691,76.66726,115.95928,88.18392,37.97606,92.977264,125.336975,0
0.0,96.76569,25.89363,197.47267,176.05785,147.22354,233.88898,80.72551,237.97276,161.45227,102.40401,108.44485,86.23299,40.790966,99.899635,115.85173,0
204.0,135.72614,53.1097,196.51201,137.5259,98.58432,231.58313,85.496346,162.95332,145.98668,87.4652,106.50193,69.25395,25.442394,81.56074,112.26511,0
238.0,166.23967,132.29451,200.40218,126.70299,99.98325,228.144,81.36238,143.51447,156.55342,75.776375,92.58161,57.91684,25.139774,86.89912,132.81425,0
153.0,32.456203,73.0011,204.52773,147.36719,107.801636,226.46452,82.9098,167.13867,158.5045,65.466774,87.53208,50.125732,30.781353,72.24439,80.8933,0
85.0,44.60678,225.65858,204.01453,131.1407,107.34007,231.15419,75.742195,156.32553,148.65373,82.771675,105.36529,54.92504,26.47742,91.694374,140.89769,0
0.0,203.10553,57.899914,204.59003,128.40201,112.31747,228.48347,67.46414,157.20667,147.32515,80.56421,98.60738,63.240913,25.372934,78.09331,120.41401,0
85.0,65.31187,129.602,203.46289,119.46235,81.421646,233.43503,79.60605,140.54268,156.96748,82.20232,107.3501,73.80794,29.655066,82.85425,118.69952,0
153.0,27.46434,0.0,187.35867,160.03772,130.1536,224.6327,76.51411,67.68658,148.51065,95.064766,122.14635,63.579678,24.592443,91.79743,119.10262,0
85.0,92.8214,232.81934,200.63881,122.617,90.48685,235.42316,86.02979,167.78317,130.19638,68.065636,72.45455,59.022495,22.232948,65.9463,105.11849,0
153.0,37.6503,217.70622,177.80121,119.804306,135.43645,228.74385,77.68505,112.60945,145.40802,91.598785,117.12853,61.64069,33.857197,93.17393,113.24467,0
34.0,131.26929,204.0,188.61705,180.34622,146.10048,226.18755,80.20521,230.78123,148.02689,94.83082,77.408585,66.15117,27.143143,84.74646,113.17336,0
153.0,41.51099,182.01912,202.0286,143.78728,90.64893,221.65637,81.79409,157.50781,157.31686,77.920265,83.2887,59.66851,31.389633,77.381905,94.973946,0
153.0,81.480385,50.544636,203.15825,125.82585,116.87383,231.3402,73.13368,63.60573,142.82951,99.35674,118.63341,63.816956,35.079197,87.86264,125.31903,0
153.0,232.94499,23.8,196.54886,157.05756,133.54535,235.72751,76.80577,185.00218,167.51239,101.51886,123.733116,84.932,45.30752,100.70259,116.62367,0
153.0,64.91241,156.54776,191.63965,148.36925,97.031586,235.7178,83.61128,92.14845,178.1536,92.34013,130.33664,103.80634,30.633612,98.215294,132.37328,0
85.0,2.55,40.8,202.63417,108.590775,120.115005,231.39566,83.629105,144.7322,160.14919,70.05243,86.57477,54.753418,32.498707,71.34509,90.39837,0
153.0,27.46434,79.3738,201.9736,124.68564,124.34265,232.56236,80.44144,188.64903,163.17592,85.677864,112.07969,68.35666,33.207783,91.80787,96.676834,0
187.0,116.99471,25.89363,198.95462,143.5296,91.56437,234.6321,87.63116,121.64456,137.67876,87.80333,97.66707,58.26074,25.944025,76.51112,111.72113,0
204.0,200.54416,108.48078,196.43112,150.6876,97.24635,233.373,77.84267,115.82216,146.73315,89.58042,112.52573,69.50433,33.613472,79.949234,121.78976,0
204.0,183.26323,38.013153,210.6593,136.88153,87.14854,235.42493,80.69118,170.03262,187.6919,99.956795,165.35762,113.24987,44.57157,102.99392,141.0442,0
153.0,0.0,17.0,191.45764,139.0097,111.16376,227.76683,76.45699,36.32853,136.75487,80.19381,80.77141,48.92533,23.535374,80.55711,110.23214,0
153.0,232.60976,40.94142,208.14597,153.18544,101.88887,235.0304,83.00143,138.15314,180.74318,74.72981,119.36968,90.16727,31.030247,88.58049,122.49988,0
221.0,111.18117,136.38197,203.16513,198.9807,104.32202,232.5145,76.04344,154.70793,175.12653,72.91321,114.42111,74.56511,38.13945,90.54466,119.7884,0
153.0,221.42459,40.8,189.75447,128.59836,97.652054,233.53996,71.85966,147.77257,154.13661,80.09154,117.55259,61.078575,36.701702,89.23709,113.31131,0
204.0,144.36244,249.59334,197.60815,160.47134,118.561295,229.52391,72.36818,151.10385,147.41396,99.51941,126.90055,78.03129,26.022192,92.64429,121.4938,0
204.0,29.846985,115.64999,197.97247,136.33562,99.05456,234.59906,70.81255,157.57323,153.03589,90.960655,118.23023,70.98273,35.915947,90.36014,125.29947,0
153.0,50.808388,66.7994,199.39272,169.4153,147.10707,232.93451,82.88743,250.34288,172.5413,103.00544,110.29785,92.52963,51.494225,104.55963,119.614296,0
85.0,49.512047,157.17416,189.24397,116.47727,98.885124,229.59892,90.416306,68.98039,165.61037,94.02921,122.43424,81.80465,20.886818,91.20959,121.90942,0
85.0,92.8214,127.44332,191.46745,112.353424,92.003235,229.7764,81.64897,193.55896,115.55196,72.8464,73.6387,44.273006,14.580925,61.66854,94.39932,0
85.0,48.71768,33.48612,195.10704,97.04442,76.823654,230.6894,91.32077,182.47803,142.42464,80.93828,106.03128,65.72846,24.157063,77.35323,120.30723,0
153.0,0.0,105.01543,200.37798,153.40561,104.532906,232.01913,76.271355,37.202465,137.14969,88.16019,98.70506,56.287464,27.772285,79.42874,113.59049,0
153.0,227.19339,141.41713,191.27809,135.14778,101.13433,235.28804,86.08872,76.83904,167.72276,73.20433,123.92071,81.15491,21.662645,82.68748,126.52635,0
85.0,0.0,74.87723,207.32722,137.57487,88.48843,229.21085,84.85551,147.77852,153.72314,79.8702,104.94562,75.12423,33.568233,79.14942,113.306206,0
136.0,92.15349,4.8083262,196.27736,134.61633,113.63557,232.42737,92.67451,155.77226,180.68582,78.0731,105.223915,76.225685,32.80032,86.3301,105.98233,0
153.0,97.43536,167.84433,201.68636,179.49815,109.55129,234.98763,89.43604,139.64198,179.66496,108.49514,121.48883,91.02341,44.86354,115.715385,117.882835,0
136.0,55.92587,246.89244,183.11278,161.06451,127.91191,234.01042,79.65612,123.885796,182.9337,96.78572,136.07623,118.48717,33.673275,103.367676,139.73055,0
153.0,23.091234,65.40031,204.62206,147.17027,103.36489,233.86676,75.208374,148.56857,154.19032,91.99734,106.5352,66.606895,40.19602,92.724686,103.09109,0
0.0,123.1679,0.0,206.54237,130.87581,70.09821,236.87074,78.5427,158.77498,158.97758,89.845856,118.53761,88.0673,37.943832,91.544556,119.07395,0
153.0,75.73113,10.751744,199.71577,138.61845,110.15878,235.35957,84.23293,78.72859,163.86786,103.76318,128.60764,86.497185,29.050684,92.310455,127.45962,0
136.0,0.0,121.35667,205.96672,174.05867,101.16459,231.88194,83.46818,165.13872,159.88123,75.23901,99.842,65.35316,24.42642,79.34969,106.69883,0
153.0,208.10251,29.049612,199.13716,122.71293,66.71244,238.98079,89.66792,170.06479,191.97054,108.46321,137.4874,110.44152,42.52025,108.69153,137.47064,0
153.0,65.80779,145.52635,206.53008,142.49353,118.05835,232.80432,84.30076,186.13351,178.89223,88.233696,116.485085,69.55702,35.961853,96.78431,97.23157,0
153.0,5.1,115.04869,197.36209,134.92447,90.42885,233.23972,77.91963,144.8809,153.3937,80.64833,120.76842,58.71355,43.738525,89.248375,125.138374,0
204.0,49.512047,0.0,197.21759,98.50269,65.50026,233.47516,84.26283,175.25772,-99999.0,-99999.0,-99999.0,-99999.0,-99999.0,-99999.0,-99999.0,0
255.0,59.530354,88.46536,193.3541,111.777245,120.19622,233.95377,99.208565,167.18765,181.80956,96.65802,149.06444,118.36775,45.884514,102.71185,135.81367,0
34.0,13.73217,17.0,208.76523,181.19371,140.31766,228.37488,75.748856,209.81136,91.6815,85.44463,75.66399,75.948364,25.130068,58.849667,122.76903,0
153.0,63.135036,47.721275,198.667,157.98804,99.11842,228.63542,85.49609,173.8328,151.96536,67.78736,81.9543,50.890617,27.243715,70.54083,89.9901,0
153.0,100.97485,106.76217,206.2337,192.05066,92.39575,234.81181,71.79083,148.34958,174.664,80.10506,120.44305,92.937,35.491756,91.7559,124.21942,0
34.0,247.35,33.48612,205.86,164.70444,100.907364,233.94148,75.91594,161.79723,148.70364,86.53345,85.1134,70.73737,20.633688,76.455635,109.604774,0
153.0,30.706066,112.662674,210.37738,167.67963,105.66831,230.53008,74.74614,143.70518,158.78981,87.37077,121.78837,66.942665,39.022335,93.43036,121.10825,0
153.0,99.58068,66.97224,208.00856,154.82721,75.73256,233.32243,84.226166,175.33614,161.38184,72.96053,98.65589,59.641083,29.20231,83.10121,97.57425,0
0.0,0.0,23.8,208.09271,166.93947,112.35475,233.57707,78.80567,206.1595,169.07645,107.45687,123.104385,96.14271,45.602947,103.92225,116.0506,0
204.0,0.0,149.36801,204.88135,169.12952,97.71617,232.41803,77.223175,106.576744,149.58463,89.586174,100.599754,70.86365,28.823763,82.717125,123.84409,0
204.0,139.34299,62.50824,194.44894,93.90182,90.38454,231.60468,84.52362,167.27881,156.24638,81.06696,101.32861,66.87272,27.225039,83.57316,119.10384,0
204.0,133.1139,10.751744,195.60814,150.23628,109.147125,235.67735,79.239525,138.50844,149.32744,91.57049,111.17441,77.986084,38.90778,81.430176,124.27541,0
238.0,83.646225,38.013153,203.77443,139.49924,86.56081,234.99065,82.31138,165.3824,162.37497,71.49615,94.1789,58.198296,24.670456,84.8676,133.79189,0
170.0,39.66869,76.026306,181.84912,144.0672,139.7192,233.06769,83.59341,86.26925,162.01178,85.66356,127.76561,89.4477,27.73261,85.069916,134.63858,0
204.0,9.194156,81.10265,204.08958,139.89491,95.68124,231.47206,73.28385,152.95857,154.99574,90.62314,124.896286,77.79566,38.881603,91.628716,127.54201,0
85.0,78.5549,78.495094,210.83195,178.8993,117.77821,229.3746,78.8579,162.77705,159.16455,88.76963,109.15836,65.56899,22.134241,94.147285,108.425415,0
136.0,63.95368,50.200397,198.17044,135.19978,95.22468,224.00754,71.284874,169.10439,178.22807,81.422485,99.57749,74.95828,28.132889,79.823074,100.21191,0
204.0,0.0,127.7604,183.4395,104.83965,147.5586,226.01231,76.63894,159.78784,160.2641,93.39888,119.575035,73.97801,36.24053,94.17621,118.54672,0
204.0,141.05904,56.994385,204.10226,167.94437,103.33873,230.42093,77.6004,165.64381,147.96582,92.11518,96.5793,66.580696,32.590134,89.35203,112.128944,0
85.0,233.07054,224.14229,200.55095,129.60982,81.67226,236.07344,81.348854,190.7995,137.37743,83.990166,95.06501,48.90841,20.152706,70.39368,127.61313,0
0.0,169.93411,95.2607,195.25049,135.78357,122.48362,231.47412,106.278465,158.85,167.36525,86.728836,118.118744,86.09988,32.829815,87.67338,124.70114,0
136.0,23.509838,24.041632,196.33199,134.86615,68.70299,234.25465,95.453545,157.58011,175.45168,80.977615,119.12591,79.05442,39.740368,90.74268,111.2165,0
153.0,3.6062446,41.362785,200.56712,183.4381,107.32381,234.00378,73.709885,155.4479,180.97516,76.46008,117.29778,83.116516,43.301125,94.914696,120.46581,0
153.0,191.13095,88.98652,202.9796,160.67949,135.15663,234.2322,73.90429,183.21432,188.16905,86.935776,127.18453,96.371414,34.51787,96.59566,119.89806,0
204.0,171.32509,77.53193,204.2138,176.32147,142.891,234.32933,80.3573,198.74683,174.25798,104.35578,125.67466,92.92398,44.341846,108.15562,119.96464,0
0.0,51.0,86.88314,194.57309,106.18036,74.53076,232.05115,70.9598,130.51445,162.80656,84.54215,112.05521,77.994446,30.930635,86.95668,120.51923,0
153.0,0.0,88.98652,200.59286,128.21579,95.89307,233.80898,77.17145,48.50393,138.57964,86.26534,103.49522,57.21129,31.064703,79.4495,114.34407,0
153.0,46.88118,127.7604,177.68019,162.64297,144.31987,235.95602,84.45962,88.201324,171.60905,99.211105,130.38608,96.82939,32.139145,97.90966,136.72955,0
204.0,120.283264,73.553246,195.24892,118.07582,105.119026,230.78209,78.026794,197.7099,180.30966,105.629425,124.02558,94.45964,43.71666,105.51715,122.12108,0
153.0,87.74372,0.0,210.10205,171.48032,86.329155,236.0729,75.43764,168.5916,166.29416,104.676155,124.007515,90.674866,45.681168,104.80297,124.20138,0
136.0,56.61919,47.35652,194.68744,157.7147,62.609386,227.97299,69.4513,135.2821,174.49501,78.25017,95.390396,71.14019,37.39617,82.37335,100.85222,0
85.0,163.71715,62.044178,186.94737,86.977104,71.66945,233.03249,82.23223,139.92882,155.69478,81.93341,105.10693,71.0939,28.690374,82.64285,118.83914,0
153.0,0.0,195.729,209.25005,157.73442,98.00589,232.41216,55.72289,97.01139,186.47003,77.969955,134.64645,91.979065,26.448236,88.117424,127.16939,0
153.0,37.908478,38.46661,212.44072,154.3566,71.66969,234.00894,84.02406,164.31332,136.15416,78.97671,89.02189,55.90038,21.53878,77.76991,97.181305,0
153.0,112.02601,81.74155,200.52792,146.96487,76.83079,240.48917,83.97122,81.41646,166.03687,79.057915,127.40459,84.74608,24.36515,84.55294,127.78385,0
153.0,160.56903,0.0,197.21375,168.0645,104.85784,234.75188,80.16135,146.51833,156.21266,88.32505,104.7326,63.633488,31.76411,89.13665,106.984886,0
153.0,19.916136,48.323082,204.39224,157.88365,70.18499,235.1686,86.12578,180.73155,155.33353,72.871284,92.48316,65.295746,34.558743,78.21423,97.578636,0
153.0,211.58855,201.0605,202.18361,142.2741,110.625175,235.54742,84.97763,121.68548,154.61702,95.28357,118.316185,88.78932,31.150087,90.32956,126.48523,0
102.0,47.91015,47.23431,176.72682,76.27726,81.54277,228.7058,70.97679,173.18881,175.84064,71.40634,122.5976,52.2192,26.975399,85.213425,86.24423,0
153.0,12.75,218.0776,197.97824,165.2333,94.55349,234.54317,86.5588,173.21892,182.28716,73.68521,119.85177,79.20271,39.104034,91.38115,123.17779,0
136.0,94.625275,30.410524,190.39221,145.19168,157.96852,230.4046,80.43608,214.1192,185.19841,118.49951,140.30916,108.471016,58.216347,116.57786,127.76104,0
153.0,35.51739,7.602631,207.08202,184.21806,68.90019,235.56285,69.757965,128.40463,175.66353,71.77889,100.35163,68.29037,34.913338,90.221924,111.83702,0
204.0,145.05891,38.013153,203.54834,148.49773,90.94547,231.47447,67.577934,154.93092,153.29799,94.43057,109.851494,68.74049,35.52978,93.58056,120.183235,0
153.0,124.532974,0.0,196.94208,158.36642,96.60647,235.66676,80.76926,145.19951,159.13336,88.29579,102.612434,69.25736,32.319115,89.84914,113.51528,0
204.0,112.113045,59.378445,198.32135,129.03757,85.422005,235.60223,80.93306,140.97307,139.23788,88.722275,92.32987,59.013897,30.371866,83.8334,106.72191,0
204.0,0.0,95.986046,194.24387,150.16371,117.39801,234.80536,79.57978,158.32417,134.7523,86.53284,76.08738,58.661007,21.150995,72.70601,101.44208,0
153.0,66.15272,64.95691,198.45015,164.18564,88.52799,236.39601,88.85275,183.59627,177.30347,81.58326,116.28695,91.73203,41.566914,89.81397,108.36505,0
153.0,50.487427,115.04869,201.24243,149.15062,80.08927,240.23093,71.120575,133.31665,184.96204,85.60718,136.2843,106.37261,35.945198,95.74444,139.06302,0
238.0,79.09112,0.0,197.08546,124.92523,88.78004,235.08427,76.1139,165.66753,162.02513,83.814514,124.139595,83.4054,42.48485,90.62754,121.71793,0
85.0,102.57214,45.361656,179.73343,125.74001,131.53595,229.76465,88.205055,74.25367,154.01959,102.1073,106.8453,63.490387,27.391087,90.84513,111.081154,0
0.0,203.10553,79.081985,193.67206,128.2569,112.62548,231.60963,82.68418,140.22652,160.9711,83.78761,109.539566,75.510994,30.293242,86.079666,119.72054,0
204.0,171.0592,63.517242,182.31425,91.71568,79.252365,229.8827,86.253944,163.27483,149.41748,99.12167,116.55942,53.820065,32.866226,88.30032,135.15916,0
136.0,195.5702,52.01,209.54253,131.36716,98.03121,233.6786,81.90872,144.7888,164.75671,77.95181,92.99159,57.720554,19.785686,89.71548,143.07333,0
85.0,223.42717,44.72002,182.75233,75.14731,78.04437,233.12695,84.81146,157.39664,159.46182,83.123535,107.86127,73.89201,29.740599,85.12791,119.35191,0
153.0,43.424934,49.035496,193.14963,132.24689,125.574394,235.19395,68.95149,113.117584,159.03658,112.50083,119.877235,82.244484,35.198837,94.94333,117.18864,0
85.0,196.5486,188.84544,179.61928,138.78516,127.39057,238.51904,89.91217,80.22216,171.80154,85.72067,142.1728,111.6755,27.763063,86.78978,152.01102,0
204.0,221.2483,105.01543,188.28198,138.34602,94.31631,231.16515,76.4916,103.59265,152.80641,95.40113,126.12973,78.27764,39.572308,86.8431,126.03738,0
153.0,5.1,0.0,204.96428,149.45279,118.77221,232.44073,86.0585,72.81222,151.85126,105.01569,127.23229,76.52692,27.455513,99.14287,119.419235,0
204.0,0.0,0.0,200.06068,153.93982,119.99069,231.3147,88.86183,108.874,152.96542,91.79645,111.912605,64.13931,28.711014,93.163536,113.91932,0
204.0,0.0,147.30283,191.4465,163.35207,125.33095,226.84398,76.192986,96.974075,143.50397,86.07643,88.14981,58.389072,22.894203,79.7943,112.43534,0
153.0,244.70702,54.823353,193.9973,171.96616,160.99622,228.87404,76.05798,186.16034,164.63512,96.44316,123.474884,79.28516,43.594246,96.29372,114.45304,0
153.0,93.51932,107.35604,200.78172,151.39348,132.01875,232.91637,75.95065,154.98813,155.46495,79.28399,110.07391,57.411606,30.822344,81.97314,103.134384,0
153.0,117.21683,71.723076,198.03395,139.17328,64.653305,239.88382,86.15627,79.31081,169.46696,81.62249,130.68382,89.499794,25.324108,87.361664,130.42674,0
153.0,19.420221,33.48612,202.29858,136.68831,104.86501,231.5838,73.54867,66.24056,126.164406,92.6666,97.60193,54.23062,34.47058,78.087425,120.21015,0
153.0,37.908478,51.898746,202.56895,127.38361,99.4604,230.37393,82.19049,159.14375,166.1781,75.79176,95.70077,70.8893,32.434,81.85004,96.22654,0
85.0,24.05665,34.0,187.83502,91.38443,127.38809,233.43153,81.15088,147.55745,152.79271,73.1847,96.62977,68.28759,26.262234,76.26434,94.652306,0
204.0,25.114588,243.7589,207.46732,154.16692,92.052795,236.59576,75.718475,112.854935,152.1565,95.57886,122.19818,81.30413,38.55839,89.55052,132.70547,0
238.0,21.637466,37.4,202.85625,148.52922,113.6931,231.77388,78.33305,148.5676,169.50073,71.63564,88.69818,57.208664,30.744242,74.93032,90.382835,0
153.0,0.0,96.76569,198.57335,160.28195,130.62836,227.20425,77.51622,50.202824,140.40146,86.00816,106.23166,61.707623,33.415676,79.058304,116.16109,0
153.0,133.86893,0.0,201.98099,186.465,123.094086,232.36205,74.11425,139.14449,150.82085,91.340614,110.70979,65.55894,28.940775,89.398735,113.24384,0
153.0,0.0,78.495094,206.14267,168.06897,110.54214,233.02184,81.649086,131.35825,174.54918,66.763596,120.07266,88.16782,25.117641,81.26568,129.25496,0
153.0,128.94531,230.84975,213.26802,139.15392,75.88751,237.30902,76.40421,92.0718,145.42894,96.03914,109.27475,63.13277,37.17567,86.35429,121.795364,0
153.0,31.95141,103.40697,212.68256,178.50323,129.56055,234.93607,89.100334,244.17337,184.80072,103.26445,115.89119,101.165924,45.220802,108.83067,125.48487,0
255.0,75.688194,71.723076,187.69739,90.502525,132.36269,228.27094,82.50936,171.21051,165.35677,66.52454,96.487305,54.812122,26.968716,76.54872,86.60223,0
153.0,27.46434,141.70294,207.39636,138.01732,111.27747,231.11217,73.26418,66.54095,121.79496,91.32684,98.33459,51.257233,30.858942,77.76755,115.47205,0
153.0,74.125656,250.51794,198.7602,163.6951,119.033806,231.52974,76.289185,96.51797,142.99733,95.271706,113.82079,65.80117,36.239174,85.37365,123.56502,0
153.0,14.868926,83.628944,218.3342,169.38379,154.73643,232.31175,81.86324,246.39906,150.4037,99.104866,93.710495,77.13084,36.814938,92.11257,120.265724,0
153.0,181.55212,48.083263,212.46568,165.38574,95.75357,232.39761,72.15968,166.36293,179.88428,85.4932,135.6103,103.82883,34.987816,93.92695,124.513176,0
0.0,91.8,0.0,109.603485,79.62331,72.77177,130.38321,78.64707,169.04677,-99999.0,-99999.0,-99999.0,-99999.0,-99999.0,-99999.0,-99999.0,0
153.0,0.0,144.56999,212.80882,175.63762,103.02697,231.8759,81.89049,78.16709,185.42522,75.16418,129.84856,93.42487,22.348124,83.65878,133.07123,0
0.0,213.25685,165.59082,198.55048,118.77658,76.51099,234.52391,85.21264,158.6964,166.73398,86.22014,117.57817,84.79125,32.52319,87.73271,124.082115,0
238.0,158.12057,96.646164,203.51793,161.77536,93.83116,231.14722,75.715515,144.09482,157.39232,87.18467,114.81598,71.05808,40.219532,90.109634,127.09236,0
204.0,215.72758,56.587276,187.0359,118.52047,105.151306,230.82295,127.89017,161.8001,168.26714,91.49269,119.4613,88.82829,31.685617,85.96822,131.33775,0
153.0,0.0,35.497044,204.62163,156.12753,109.81474,230.36609,81.79672,134.38066,173.56366,73.19194,109.34474,81.556625,26.655113,82.77092,125.755615,0
153.0,25.5,0.0,197.93623,179.10287,129.21672,228.833,81.17989,109.27734,149.90837,83.72116,114.95965,54.45988,41.72022,95.349045,106.6418,0
136.0,106.12413,24.041632,210.4989,143.83939,102.25925,230.28188,81.05235,137.14519,148.82765,76.036934,89.02287,50.58318,23.85909,83.56549,125.61647,0
85.0,23.509838,0.0,202.62854,132.13527,127.208374,230.00296,70.81154,148.44012,153.4807,89.262665,100.39418,52.713768,25.190826,96.66942,125.253624,0
204.0,0.0,136.0,222.91733,157.14816,128.19524,234.15355,77.050095,188.7706,156.95782,97.4053,97.70128,74.416245,41.165447,95.01066,104.88684,0
136.0,9.194156,85.0,189.42525,81.14278,86.58428,230.59726,87.829445,175.9713,157.75732,80.20046,99.93062,65.466225,26.551712,83.96451,118.51484,0
153.0,50.29386,200.71523,197.22691,154.64198,109.193886,225.84854,81.56394,143.99207,160.0047,68.77686,83.03788,57.11167,32.358814,73.32619,84.638336,0
204.0,60.45167,0.0,200.91788,115.52778,61.355717,233.02802,92.80726,146.09601,164.1396,84.971725,114.12877,80.95226,31.532604,86.79314,121.88347,0
153.0,25.243713,71.48091,202.9888,126.65778,81.266235,233.46494,82.46149,182.76112,154.3997,61.651817,87.20635,39.397915,24.531631,64.7035,78.43405,0
204.0,5.7019734,148.51424,199.58723,170.03304,106.75731,237.226,76.87776,121.3301,148.1039,103.6433,121.472015,75.795845,34.389526,89.796936,126.53176,0
