BP1.tif,BP2.tif,BP3.tif,BP4.tif,BP5.tif,BP6.tif,BP7.tif,BP8.tif,BP9.tif,BP10.tif,BP11.tif,BP12.tif,BP13.tif,BP14.tif,BP15.tif,BP16.tif,BP17.tif,Label
255.0,0.0,115.79983,207.41356,137.45181,119.48212,236.36066,0.0,241.33928,33.138756,85.76611,126.08657,91.56245,33.148438,50.045795,117.47412,40.989017,1
255.0,0.0,108.42748,192.04356,104.64001,115.45003,234.36063,232.8261,250.44643,36.603897,93.31912,136.89607,106.62456,44.24105,48.395298,113.364784,40.186855,1
255.0,214.39723,185.51042,204.10042,146.9256,98.44224,234.75897,184.44664,255.0,22.991154,89.95384,112.036964,96.521675,27.966648,41.82508,121.889145,44.42539,1
255.0,222.1868,176.83269,202.59415,146.55128,88.529594,234.96625,176.3834,255.0,21.618095,90.65427,113.9578,98.49882,27.845972,41.217197,121.28639,45.89658,1
255.0,252.03754,130.18048,206.6465,127.66213,99.104996,235.84218,204.60475,227.67857,25.92265,94.23177,138.8275,108.53545,32.284046,37.38371,117.37528,41.06563,1
255.0,227.0073,156.8797,204.86227,130.4797,102.962616,235.16763,255.0,241.33928,45.000904,98.23661,129.9074,105.211914,39.643707,37.278446,107.55594,39.478783,1
187.0,0.0,138.735,204.49065,143.7936,100.84311,233.25583,224.76285,236.78572,30.06257,99.716354,136.99611,107.48854,35.587616,34.822758,110.50832,46.71678,1
238.0,0.0,162.70341,205.57812,133.92542,78.45221,237.5386,176.3834,241.33928,31.33579,96.07112,140.10568,103.749535,34.834034,35.850372,117.28452,42.42758,1
187.0,0.0,168.8058,204.56075,144.56332,74.27186,237.82413,196.5415,241.33928,30.25432,95.964966,140.65878,105.323906,34.424488,35.95078,117.20087,43.625187,1
187.0,0.0,168.8058,204.24532,144.56332,74.27186,238.61829,196.5415,241.33928,30.25432,95.964966,140.65878,105.323906,34.424488,35.95078,117.20087,43.625187,1
255.0,228.71951,152.81099,203.86328,150.45978,90.11696,235.0782,212.66798,232.23215,30.686642,94.03712,127.88284,101.13216,33.515724,39.51862,114.36786,39.20186,1
255.0,231.50291,154.54112,201.80894,137.75418,97.68375,235.3944,180.41502,227.67857,25.360548,93.352745,126.44864,100.191826,31.372564,37.279823,116.84509,39.362244,1
255.0,245.4499,131.24176,204.19135,131.49103,83.906456,236.9141,220.73123,204.91072,27.765324,95.200645,133.24329,103.94836,33.176548,38.45662,113.31471,39.526234,1
255.0,232.81934,150.9845,206.02214,146.17496,86.16766,234.94707,204.60475,227.67857,27.694407,93.87489,127.852325,100.87737,32.44968,38.180542,115.34761,39.13328,1
255.0,229.35828,155.73337,204.88065,146.78217,84.78919,236.39339,192.50989,227.67857,27.933386,93.46628,126.545395,100.15945,32.294178,38.316948,116.0381,39.11924,1
187.0,237.90282,105.01543,209.09325,133.46553,77.15678,233.56451,252.98419,255.0,23.609676,99.28179,136.86424,118.06261,33.679173,36.09816,112.28501,57.725193,1
187.0,242.73268,111.00882,207.64484,131.15979,73.36835,237.72371,252.98419,255.0,22.726555,100.036,137.92065,119.87772,32.509644,36.525482,110.12511,59.87491,1
255.0,235.31955,118.951416,202.86087,133.98277,97.041245,234.20381,255.0,255.0,22.570225,99.21889,135.94719,118.13925,32.082928,36.45467,112.61335,56.913544,1
187.0,225.80103,155.73337,190.79443,128.88191,106.57717,231.3896,252.98419,255.0,18.137072,100.64981,136.66982,125.707695,29.45994,34.522568,113.69782,57.746735,1
187.0,228.07892,143.48643,201.50928,120.06687,82.84083,233.9311,255.0,255.0,18.660282,100.756836,136.92401,124.88694,29.845936,34.64408,113.295746,57.821655,1
187.0,226.95,143.48643,201.50928,120.06687,82.84083,233.9311,0.0,255.0,18.013449,101.03915,136.99033,125.96566,29.505896,34.29915,113.31521,58.099735,1
187.0,233.78091,137.68951,206.72856,135.03476,97.603966,233.95457,0.0,255.0,20.658009,99.874344,136.50502,121.50191,30.782852,35.782963,112.903336,57.27247,1
255.0,0.0,146.0418,209.7325,142.17612,83.207886,236.9868,152.19368,245.89285,27.825417,94.77006,140.76959,109.376724,34.80868,37.853756,118.676414,45.976055,1
187.0,232.65169,132.99173,206.1434,125.87878,95.046814,234.58481,0.0,255.0,20.720383,99.83812,136.32475,121.22001,30.867542,35.73543,113.06314,57.086308,1
187.0,232.65169,132.99173,206.1434,125.87878,95.046814,234.58481,0.0,255.0,20.720383,99.83812,136.32475,121.22001,30.867542,35.73543,113.06314,57.086308,1
187.0,212.5544,38.46661,208.76842,147.3131,92.584526,236.4665,0.0,245.89285,27.468882,93.62092,125.86534,100.41627,39.038822,33.21876,123.386055,46.20319,1
0.0,132.52643,0.0,209.1076,161.48726,98.187355,235.04474,234.8419,191.25,32.357616,77.029564,108.34719,62.699497,28.390053,56.585815,146.09456,27.495316,1
0.0,126.60435,0.0,209.52,165.18529,88.26786,229.51671,236.85771,191.25,32.900707,77.51779,105.6914,63.745075,28.718,56.87909,145.03256,28.118809,1
0.0,127.32137,0.0,208.18481,160.39381,94.75251,231.21196,234.8419,191.25,32.517365,77.39344,107.216606,63.437572,28.560287,56.852104,145.76413,27.82519,1
0.0,127.32137,0.0,211.44661,160.39381,94.75251,233.33702,234.8419,191.25,32.517365,77.39344,107.216606,63.437572,28.560287,56.852104,145.76413,27.82519,1
0.0,126.60435,0.0,209.52,165.18529,88.26786,229.51671,234.8419,191.25,32.712658,77.298584,106.158,63.241905,28.601746,56.698124,145.3775,27.889072,1
0.0,126.60435,0.0,209.52,165.18529,88.26786,229.51671,234.8419,191.25,32.712658,77.298584,106.158,63.241905,28.601746,56.698124,145.3775,27.889072,1
0.0,126.60435,0.0,209.52,165.18529,88.26786,229.51671,234.8419,191.25,32.712658,77.298584,106.158,63.241905,28.601746,56.698124,145.3775,27.889072,1
0.0,126.60435,0.0,209.52,165.18529,88.26786,229.51671,234.8419,191.25,32.712658,77.298584,106.158,63.241905,28.601746,56.698124,145.3775,27.889072,1
0.0,126.60435,0.0,209.52,165.18529,88.26786,229.51671,234.8419,191.25,32.712658,77.298584,106.158,63.241905,28.601746,56.698124,145.3775,27.889072,1
0.0,126.60435,0.0,209.52,165.18529,88.26786,229.51671,234.8419,191.25,32.712658,77.298584,106.158,63.241905,28.601746,56.698124,145.3775,27.889072,1
204.0,98.100464,130.13608,204.5203,139.78178,71.89823,237.67276,220.73123,255.0,45.69946,101.75326,137.00092,100.58472,44.05775,48.84801,125.78154,45.57358,1
187.0,207.31985,71.48091,208.85934,149.83414,110.72045,234.47887,224.76285,255.0,26.960352,95.27484,128.6763,104.80065,38.23013,34.80499,121.62298,46.051033,1
187.0,126.60435,149.13565,201.60902,129.83105,105.24466,232.60002,230.81027,255.0,39.70598,100.14466,136.72726,112.478355,47.142826,39.965824,123.82735,50.203793,1
187.0,140.82835,131.32982,202.32112,148.6374,104.69254,233.58116,238.87352,255.0,37.80352,92.519554,127.21615,99.13104,47.882084,37.417404,125.4058,48.68654,1
85.0,22.807894,177.90807,198.90007,119.29933,84.60042,235.25806,238.87352,232.23215,49.294346,70.89755,91.39803,44.794765,19.599274,39.323475,154.46489,25.29169,1
153.0,17.105919,0.0,202.10121,173.54527,76.03172,228.10963,234.8419,81.96429,30.006449,72.93073,86.32801,68.7969,26.761053,58.700367,147.49449,35.891914,1
0.0,5.7019734,0.0,191.72716,172.85005,105.7538,227.87059,234.8419,72.85714,29.125141,70.59297,85.80805,68.44135,25.607948,59.281555,148.23422,35.916412,1
0.0,2.55,0.0,193.45074,167.80916,98.217926,230.01065,236.85771,72.85714,28.403143,69.99474,85.44276,69.12048,25.42469,58.89163,150.81918,36.309856,1
0.0,24.05665,254.00072,209.79785,146.09232,76.78693,231.79547,242.90514,136.60715,31.033724,76.3798,93.01952,72.394196,27.272488,54.806236,143.58661,34.629208,1
0.0,24.05665,254.00072,209.79785,146.09232,76.78693,231.79547,242.90514,136.60715,31.033724,76.3798,93.01952,72.394196,27.272488,54.806236,143.58661,34.629208,1
0.0,24.05665,254.00072,209.79785,146.09232,76.78693,231.79547,242.90514,136.60715,31.033724,76.3798,93.01952,72.394196,27.272488,54.806236,143.58661,34.629208,1
0.0,24.05665,254.00072,209.79785,146.09232,76.78693,231.79547,242.90514,136.60715,31.033724,76.3798,93.01952,72.394196,27.272488,54.806236,143.58661,34.629208,1
0.0,69.3675,227.97754,204.32054,176.06126,94.97843,232.98521,246.93675,186.69643,26.539194,75.71559,86.05275,73.77319,28.370197,66.68635,142.3599,35.752567,1
0.0,55.92587,219.21432,206.44473,187.35794,72.09446,238.79175,248.95258,154.82143,29.62682,78.38891,93.168686,76.87081,29.368359,60.22601,138.42699,35.78266,1
0.0,123.06226,209.83813,198.28407,131.88797,102.99948,233.5479,236.85771,191.25,31.72008,74.93725,95.67074,58.244587,27.603554,51.154385,142.99667,27.046778,1
85.0,62.98035,114.03947,188.90881,84.92314,90.34816,236.53163,236.85771,232.23215,31.83278,68.24622,81.72128,49.89801,24.09689,71.55213,142.28973,26.394878,1
85.0,82.747406,130.13608,205.01782,126.51935,97.77857,234.06117,238.87352,209.46428,30.727724,80.134796,88.6806,58.549385,28.292747,50.23826,141.74973,29.719177,1
153.0,77.092705,60.248154,210.9461,154.74248,85.07419,237.39632,234.8419,72.85714,35.709297,78.66046,97.43148,62.218506,25.735363,60.108807,135.81902,31.402716,1
0.0,136.51434,229.01466,211.67143,162.04543,90.527245,233.42451,238.87352,191.25,48.86567,81.12497,99.110886,65.51253,36.52741,57.7812,140.03467,33.043552,1
0.0,137.46368,223.49667,205.95638,166.70058,105.81326,231.10162,238.87352,191.25,44.705006,79.18403,91.79578,62.09696,32.935017,68.62454,142.07436,35.346767,1
0.0,135.15,233.43916,208.27846,155.751,95.05591,231.93849,238.87352,200.35715,44.18236,78.570915,91.58838,62.81347,32.60418,68.98935,141.76523,36.01711,1
0.0,124.74167,227.90147,207.97249,175.52638,110.14088,232.74796,240.88933,154.82143,41.243744,75.47959,84.02209,59.327248,28.401728,80.430115,141.93623,39.208797,1
153.0,122.10746,0.0,210.14822,157.62938,88.1233,234.858,244.92094,72.85714,36.910862,68.17637,82.167816,64.5704,27.146837,79.705826,141.24567,43.178917,1
0.0,116.800026,0.0,216.56503,154.65244,101.07323,230.5357,232.8261,109.28571,33.84421,77.06044,90.89995,72.73587,30.850983,63.881905,132.94437,39.731804,1
187.0,130.84756,0.0,206.07544,191.24123,126.33327,234.72346,242.90514,145.71428,38.493942,76.28441,86.30146,73.359795,29.85248,68.78593,134.05484,45.55951,1
187.0,128.71819,0.0,206.07544,191.24123,126.33327,234.72346,242.90514,145.71428,38.94646,76.7075,85.78884,73.80747,29.965971,70.385895,133.9155,46.909454,1
0.0,90.15611,0.0,207.42613,167.1231,119.62144,232.6987,252.98419,118.39286,39.533413,71.54413,80.54935,72.80322,27.893442,70.82475,135.67274,47.495087,1
204.0,23.509838,10.751744,200.61339,142.07158,111.27642,230.43562,196.5415,191.25,64.94395,88.314026,128.62024,67.5099,40.79791,45.76553,98.96049,29.97528,1
204.0,25.627182,6.8,197.88797,142.85057,121.54941,230.07028,200.57312,191.25,64.534424,88.08221,130.16255,67.544426,40.91606,46.197495,98.94125,29.854446,1
204.0,34.68375,6.8,201.03377,126.00761,103.10014,235.95647,192.50989,186.69643,76.88382,89.73837,120.99123,65.52295,42.14139,45.812138,95.73377,29.39526,1
187.0,9.194156,83.9738,205.40582,161.63672,119.76505,230.87488,176.3834,182.14285,52.39784,89.779755,120.24535,69.82155,35.926872,33.173195,105.297,30.845774,1
153.0,22.807894,4.8083262,205.50597,154.74498,78.27764,231.5074,234.8419,209.46428,27.012165,76.94729,92.72384,58.475723,23.752827,50.205544,140.608,31.622944,1
187.0,22.807894,3.4,205.50597,155.56047,75.94166,231.5074,234.8419,209.46428,26.47163,77.008255,91.157646,57.12167,23.547886,49.613487,141.50728,31.457445,1
153.0,40.31904,50.544636,211.49026,154.8206,84.0839,235.00494,236.85771,81.96429,25.084982,78.12125,89.53286,55.81426,22.160995,50.89843,142.66249,31.89747,1
85.0,3.6062446,71.723076,201.2677,134.3762,91.25184,233.06912,238.87352,214.01785,20.084167,77.4661,69.175255,47.416584,19.357767,44.349854,154.12407,30.740858,1
85.0,9.194156,77.606445,203.65314,117.053474,102.96002,229.83089,238.87352,227.67857,18.999218,77.36736,65.601265,45.99221,18.488283,43.44499,156.734,30.530743,1
204.0,10.2,3.4,191.49806,125.642075,91.386154,235.78987,234.8419,200.35715,59.359974,85.99363,154.03928,69.07999,40.790047,46.593,102.2178,27.987146,1
204.0,10.2,3.4,191.49806,125.642075,91.386154,235.78987,234.8419,200.35715,59.359974,85.99363,154.03928,69.07999,40.790047,46.593,102.2178,27.987146,1
204.0,12.75,3.4,188.86772,121.05833,120.48189,227.37122,232.8261,200.35715,61.592175,85.74606,153.51552,68.10049,41.755276,48.38943,100.780235,27.529251,1
204.0,8.063808,4.8083262,190.03937,148.27072,98.37123,233.58904,230.81027,200.35715,56.400185,85.91199,159.51398,70.397026,39.64644,44.199738,104.359245,28.114307,1
187.0,130.05,0.0,205.12677,186.40929,120.3908,236.03098,240.88933,136.60715,38.92437,77.084465,85.722244,73.94743,30.080408,71.01007,133.81636,47.37449,1
85.0,79.66454,215.5986,193.78305,118.758385,75.64882,238.4484,240.88933,182.14285,36.600212,74.56666,82.77775,59.920933,24.00547,49.84628,145.81386,38.07079,1
187.0,161.94005,102.0,205.4989,148.44289,99.743935,235.51799,244.92094,245.89285,34.224285,101.4711,125.738914,101.81465,52.374687,33.366383,126.11091,46.870853,1
0.0,123.457924,0.0,204.69157,182.41162,117.62564,236.92589,234.8419,118.39286,35.475254,77.01838,89.044395,72.77001,30.279331,65.623215,133.95393,42.23797,1
204.0,225.84421,9.6166525,203.66063,166.08951,94.19612,233.76129,180.41502,209.46428,44.760376,85.052795,126.971634,64.30289,23.29273,52.083866,154.28613,36.26382,1
204.0,225.84421,9.6166525,203.66063,166.08951,94.19612,233.76129,180.41502,209.46428,44.760376,85.052795,126.971634,64.30289,23.29273,52.083866,154.28613,36.26382,1
204.0,224.31306,6.8,198.43275,161.12927,112.854164,233.49985,180.41502,209.46428,45.014538,84.7224,122.411674,64.44698,23.167906,52.938698,155.2722,36.665802,1
204.0,143.00476,129.8248,207.53586,139.13216,115.44223,232.75038,232.8261,250.44643,37.13829,99.39843,133.55705,111.98674,47.765133,37.814873,124.13316,49.748287,1
204.0,221.39523,73.553246,195.1838,124.468605,90.04472,229.15445,250.96838,204.91072,25.614927,92.16147,123.030594,95.99806,36.242695,36.314636,131.08138,44.439342,1
204.0,183.6177,55.76415,201.44057,140.82552,105.27328,235.37526,200.57312,245.89285,42.312176,95.66287,145.35974,103.95035,48.611946,41.524174,129.09514,44.852455,1
136.0,0.0,20.4,210.75284,152.69243,116.341194,231.26183,234.8419,200.35715,21.547352,79.39918,85.26335,51.60282,26.144583,32.369255,119.6949,34.233917,0
153.0,18.031223,140.1856,215.22171,157.60173,126.44628,227.58374,204.60475,18.214285,42.034195,106.13859,127.442085,66.925766,26.1968,36.53579,96.17918,35.57446,0
0.0,63.135036,18.30956,208.76663,137.2139,88.78962,233.47006,234.8419,163.92857,37.010757,77.33983,108.755135,70.98304,37.25389,47.0444,147.01503,35.401436,0
85.0,81.36059,217.70622,217.4966,150.02037,132.03397,229.85136,255.0,200.35715,12.373097,71.802826,103.412384,38.95466,17.708376,20.711205,121.755066,23.908833,0
0.0,241.403,29.049612,193.96968,88.25412,91.63082,233.6411,246.93675,154.82143,32.409023,83.7323,109.07777,74.935905,30.187717,42.938602,127.59313,36.921658,0
0.0,239.75424,75.262215,208.73952,129.98323,71.55493,234.35286,252.98419,186.69643,27.615978,80.77895,100.26468,65.67759,26.58405,38.489326,134.81157,35.84629,0
153.0,42.440456,0.0,199.74274,144.02022,98.95494,233.90529,220.73123,173.03572,75.73828,93.09178,114.58723,73.907104,29.208359,21.619904,89.29771,36.734238,0
85.0,141.45032,108.64051,201.79617,154.22984,126.68161,228.70673,248.95258,182.14285,14.34843,99.501205,106.02936,59.757225,28.005726,24.395838,117.37146,39.739887,0
85.0,23.509838,42.60188,196.68208,107.34607,77.957695,236.83582,236.85771,204.91072,16.268406,72.73851,90.62948,48.59131,18.912434,41.093945,167.9636,29.384718,0
153.0,129.27267,228.40813,184.36165,96.76914,66.24315,228.2524,204.60475,91.07143,49.31328,89.2228,101.77232,65.93623,37.58617,48.559307,115.153595,31.898668,0
187.0,54.92868,0.0,220.88222,142.14723,134.43022,234.42647,0.0,236.78572,21.005852,132.9905,111.27832,66.69295,41.322456,15.513134,112.16433,31.171967,0
136.0,185.36237,33.48612,212.83102,147.63641,114.40731,231.82457,248.95258,154.82143,10.150309,81.541016,107.47719,67.536476,21.878933,17.202154,133.02632,36.10313,0
221.0,5.1,123.76188,208.85356,170.02266,97.307495,230.46733,192.50989,209.46428,44.681767,78.9416,108.87638,76.2066,30.656654,89.28037,114.895004,29.72255,0
136.0,51.317757,59.475708,202.96884,119.4541,97.78854,220.12949,242.90514,163.92857,38.051792,87.55276,111.89397,68.23413,33.065376,37.529102,109.89819,26.97782,0
204.0,135.51036,10.2,199.66025,155.49083,131.40108,227.69858,152.19368,255.0,55.25114,97.7158,120.58039,99.28181,49.268543,40.82208,132.41293,37.78261,0
85.0,107.130356,50.544636,209.93301,155.16917,120.78909,227.04759,230.81027,173.03572,46.969776,79.56846,95.017975,50.822353,34.02234,22.052673,111.97319,34.399734,0
136.0,9.194156,207.26062,195.04929,126.75605,102.112656,220.2068,228.79446,232.23215,37.40161,72.211845,106.64875,71.02046,34.454296,51.807716,109.12745,28.964537,0
204.0,0.0,180.7125,195.03943,145.5441,117.16502,225.01018,192.50989,255.0,63.777786,97.032585,111.36981,85.11592,33.33436,39.634098,88.2005,45.338863,0
204.0,0.0,122.4,195.063,162.85419,149.0016,234.39665,144.13045,191.25,74.036644,102.61846,100.371155,74.22404,43.470028,51.752293,113.99488,32.497257,0
85.0,27.106874,88.66115,202.6772,153.7073,99.16488,226.94563,252.98419,163.92857,30.26863,78.61833,108.43143,77.02563,32.13563,44.768787,149.92285,35.14855,0
187.0,246.45456,19.233305,196.5387,128.63936,97.97497,233.30127,192.50989,163.92857,73.84531,88.0055,81.12305,57.67104,20.56007,48.673508,121.21311,36.11116,0
85.0,107.22136,83.628944,191.05377,149.82153,123.15659,226.54948,242.90514,195.80357,50.42599,92.54226,103.506836,64.29847,23.01222,22.480568,96.921234,36.81937,0
238.0,2.55,14.424977,199.96771,151.8488,108.279396,226.55524,160.25693,36.42857,26.446592,59.358448,82.2238,45.10029,45.389328,23.82014,99.717735,20.428366,0
204.0,14.868926,27.411676,196.89195,132.00943,121.93919,230.78815,232.8261,200.35715,53.44745,89.23013,73.98204,58.219658,24.601923,39.106354,149.16838,32.066727,0
85.0,5.7019734,34.0,204.88121,128.26456,122.096245,236.98518,196.5415,191.25,26.313871,74.09883,91.29923,59.879326,28.984976,32.502995,116.210526,25.409437,0
153.0,207.10019,165.80013,196.73952,122.85227,114.45733,231.87047,212.66798,173.03572,48.80511,99.02533,116.33338,86.41908,30.071753,56.57585,109.19348,33.75193,0
85.0,0.0,21.503489,205.6729,145.47575,84.772575,234.8134,0.0,218.57143,24.927065,85.92706,137.58942,112.349014,39.620163,48.269814,122.81951,50.797157,0
136.0,13.73217,38.765965,207.8053,148.45564,128.8517,227.8532,236.85771,195.80357,21.095917,78.06582,81.86835,50.304222,24.696068,35.340767,120.30882,33.459324,0
136.0,50.808388,233.24098,220.8611,144.4309,136.03824,231.11728,0.0,232.23215,12.45091,152.37714,100.763275,72.95161,67.228035,17.839064,103.078735,32.194187,0
153.0,106.12413,94.71304,196.79468,147.62755,111.48066,221.04527,212.66798,182.14285,29.290064,75.16964,81.70219,68.61599,56.605553,51.919426,128.07642,21.650179,0
204.0,91.30282,0.0,195.98872,143.9826,115.989105,229.49458,196.5415,232.23215,105.45804,88.88562,114.26596,67.137215,29.305553,28.378618,80.97098,34.47139,0
204.0,0.0,3.4,198.72823,151.91478,125.532,233.22682,180.41502,209.46428,46.384716,97.938805,104.518326,81.47632,36.714367,29.315517,115.115166,31.25851,0
136.0,53.245564,48.083263,194.52371,140.89026,87.77849,231.28458,226.77866,91.07143,31.03638,71.15686,107.8078,60.768227,28.039614,37.137302,114.08557,24.424768,0
136.0,230.03769,83.9738,196.84972,132.85262,105.86985,230.28027,248.95258,195.80357,12.109276,69.53514,91.06456,54.121284,22.429792,19.647226,111.001625,36.715424,0
187.0,0.0,12.258874,206.4763,154.00807,111.854324,234.79329,238.87352,236.78572,44.520683,94.12516,128.70236,95.46321,34.044983,31.981878,120.28653,45.707863,0
153.0,36.062447,30.410524,197.72314,135.00194,78.232025,235.8822,176.3834,36.42857,29.170193,89.29814,128.91702,79.17618,37.545044,36.57026,110.58046,28.234936,0
204.0,52.569595,38.46661,211.88751,178.81271,129.98158,232.8772,196.5415,255.0,44.96513,101.035645,130.76822,112.200806,47.84764,35.53785,105.83764,38.4324,0
136.0,0.0,153.0,212.17552,148.79562,84.37411,234.05516,244.92094,154.82143,9.246288,65.51183,88.82597,53.083344,20.079523,16.299948,129.02744,35.40982,0
153.0,28.509865,17.0,195.49995,125.81569,134.90028,233.84909,192.50989,127.5,40.023853,85.00313,117.36869,72.73698,32.03783,31.09037,105.164894,24.022371,0
153.0,75.73113,50.200397,210.7264,137.83633,106.38937,232.17735,226.77866,91.07143,39.086933,98.03048,150.10855,114.80388,29.872536,45.409874,105.4329,68.88538,0
204.0,94.86549,0.0,191.82603,132.01228,127.23359,226.30902,252.98419,195.80357,89.02483,86.02377,122.77168,59.91283,34.071636,46.79158,87.8299,31.20777,0
204.0,67.37021,58.693096,198.6657,158.30328,82.87707,234.75989,252.98419,81.96429,70.54823,93.516975,114.60767,69.34684,38.204712,30.43547,102.9094,33.60327,0
238.0,0.0,95.44255,203.22404,148.53864,89.48113,229.57648,248.95258,241.33928,30.962809,83.01255,106.68031,72.42668,29.429037,41.544502,128.46875,36.513172,0
85.0,110.712296,10.2,198.59132,110.93022,112.82293,233.65952,240.88933,214.01785,47.082058,67.58358,101.17494,55.76819,31.532446,48.53831,114.89356,26.11013,0
85.0,183.19226,182.62148,187.5224,111.226875,75.601814,234.88841,246.93675,236.78572,11.940719,78.22139,82.09167,47.71076,18.405123,37.134224,172.76259,30.399868,0
153.0,141.05904,155.99295,199.92345,158.42336,116.298836,227.2805,204.60475,191.25,26.950037,64.20394,78.90318,56.41711,34.73195,69.904045,132.80714,24.133947,0
153.0,55.164936,124.69242,201.55426,126.777664,108.70945,232.45009,240.88933,0.0,55.08364,92.60847,113.969894,51.465683,14.941626,26.943014,92.77795,32.82448,0
85.0,75.73113,108.64051,201.208,99.33798,73.48087,233.52412,212.66798,218.57143,43.48818,78.230064,87.715576,46.910458,20.98292,33.837006,159.39166,30.991535,0
238.0,203.69696,87.413734,211.96872,124.04864,95.99006,233.3388,240.88933,245.89285,11.407555,77.21667,94.61782,57.232544,25.521557,19.792212,116.0089,35.86325,0
153.0,0.0,39.65047,188.1757,138.66187,137.42993,234.95435,168.32016,109.28571,37.98658,92.37059,119.19307,73.08203,42.585354,56.30003,112.18485,24.806993,0
187.0,86.84987,125.38581,198.04097,150.62447,97.988335,229.0849,226.77866,241.33928,63.598087,106.49563,125.25823,96.888794,48.61803,40.337624,109.44047,35.73562,0
136.0,168.55095,18.30956,210.45587,158.65536,88.81526,231.49864,224.76285,204.91072,10.559334,78.71184,102.93416,60.88438,25.477888,19.294746,115.370804,33.358547,0
153.0,84.18863,227.90147,199.42465,149.52705,84.642876,233.11703,192.50989,118.39286,47.108597,89.687675,109.383705,63.385864,39.114983,48.74838,95.95156,30.998224,0
153.0,89.39559,57.899914,198.64217,166.80763,131.9994,233.82451,184.44664,195.80357,49.96203,105.1914,148.51433,101.172066,47.005707,52.61945,111.63011,41.22936,0
34.0,164.23268,40.94142,201.42587,158.02519,105.057846,229.28894,180.41502,236.78572,47.703297,83.91311,78.65071,79.81437,23.118612,54.3536,167.58893,48.4764,0
204.0,59.530354,80.81707,202.90826,162.86247,127.21862,230.21738,242.90514,218.57143,36.21299,89.96696,82.108345,65.77426,24.006205,32.85166,154.44583,32.26635,0
85.0,21.637466,209.176,193.44162,99.15855,78.48051,231.95007,230.81027,227.67857,33.74524,81.544044,107.7053,74.486404,30.388002,42.260227,139.4795,36.59784,0
85.0,2.55,36.61912,192.48512,105.68635,91.58301,231.32007,232.8261,241.33928,16.868404,68.74054,77.13104,44.92565,15.952705,41.377857,164.50726,36.165512,0
204.0,221.73274,12.258874,200.79047,169.65778,113.71479,229.61295,0.0,236.78572,29.589415,92.616936,129.31161,95.51145,40.222767,34.171555,133.60944,39.932888,0
153.0,0.0,44.330574,214.64037,152.83527,93.58534,234.48492,255.0,145.71428,33.188423,71.62695,131.27357,99.76037,27.75827,63.415375,135.04791,42.63085,0
153.0,71.85391,0.0,204.11604,179.183,113.08523,232.99648,234.8419,191.25,41.0957,73.67926,121.81113,75.91428,33.07173,72.57078,109.93043,32.4444,0
34.0,172.83658,36.61912,197.34633,172.02989,118.31243,232.6116,240.88933,200.35715,53.385334,88.87174,97.237015,68.39067,21.614246,68.63795,142.94933,48.295933,0
204.0,86.84987,0.0,194.1605,166.94557,135.99886,225.62552,196.5415,214.01785,94.52475,91.42094,115.87149,70.137825,29.751518,29.314606,83.29773,35.6134,0
153.0,215.84813,132.77425,193.82101,153.30104,101.83241,229.51973,144.13045,154.82143,57.96454,84.04058,121.14375,68.00879,35.336956,50.242756,103.65444,30.865433,0
153.0,14.424978,50.544636,207.05798,159.37561,83.116486,232.86649,240.88933,236.78572,26.694523,71.469734,90.77857,61.19751,33.215607,65.42469,133.83809,26.894545,0
153.0,21.637466,0.0,198.81467,193.14648,136.82188,235.88315,200.57312,250.44643,62.800365,100.42002,119.83942,94.52397,41.361526,69.60778,107.5947,38.335133,0
187.0,125.02803,70.0928,192.31718,138.18318,88.76965,234.285,226.77866,214.01785,71.71723,89.0221,98.182106,62.73249,28.447622,41.697983,117.01518,35.181293,0
85.0,69.3675,137.52148,199.11768,131.69151,112.428345,230.87057,238.87352,195.80357,63.468018,88.835365,100.44591,60.5642,20.595055,22.544254,88.941376,38.131477,0
153.0,87.22342,0.0,194.92747,172.34843,118.24804,234.65465,144.13045,232.23215,62.676434,91.156044,104.624374,72.28688,36.433174,44.204266,119.118095,34.82039,0
187.0,198.9817,21.503489,211.50421,138.65492,58.67681,238.74074,252.98419,236.78572,32.859425,96.63491,147.78079,104.64114,41.618954,37.468765,132.1875,42.370483,0
153.0,21.93593,58.693096,208.30165,161.74387,87.26186,230.04492,216.6996,91.07143,20.36768,59.56387,84.34352,60.389786,30.052277,47.677933,140.43805,21.016968,0
153.0,59.475704,83.9738,205.04709,172.24641,134.66835,231.58037,224.76285,236.78572,37.728798,94.12683,121.28443,83.492744,41.560013,48.69421,101.02384,29.258373,0
204.0,165.4555,19.825235,193.16872,169.72115,121.62073,233.43689,152.19368,255.0,58.270897,97.897934,125.24895,102.67324,47.07028,27.690392,124.027756,41.908863,0
238.0,97.43536,225.22275,192.52884,139.69356,57.44441,239.95084,204.60475,0.0,23.437357,88.33723,120.10862,71.81482,14.76883,22.780796,124.909874,44.70387,0
153.0,76.073814,98.07099,207.01065,158.1773,111.24368,232.76466,200.57312,200.35715,35.64339,83.92704,110.92252,79.60642,32.513065,67.29688,111.01239,24.785408,0
221.0,3.6062446,83.9738,201.42845,170.85512,90.68531,234.12228,192.50989,204.91072,46.89884,86.97092,117.260506,89.06625,34.24647,81.26085,117.09856,33.48499,0
0.0,92.400116,0.0,207.62859,145.36894,103.92401,233.68445,232.8261,18.214285,28.568956,68.444984,79.29138,63.512516,24.631266,62.535336,148.65912,31.465982,0
153.0,57.01973,41.362785,211.14111,186.0067,83.007744,233.4532,144.13045,127.5,43.200974,66.65073,98.9542,61.089245,29.255816,108.037895,97.59056,27.06647,0
204.0,89.54096,10.2,198.04442,124.54234,105.06809,232.49959,212.66798,223.125,43.451412,89.54712,111.475914,62.640965,33.6563,49.98523,95.656555,33.151478,0
0.0,30.706066,250.05609,197.44217,198.4267,81.43962,236.87947,200.57312,186.69643,46.567383,79.92437,106.878296,74.09633,37.79023,101.16626,106.1171,32.25189,0
34.0,144.4525,12.258874,194.50636,117.18357,147.50443,232.78835,246.93675,232.23215,71.00855,84.09557,73.27405,61.4509,20.015305,58.92793,139.99144,47.025238,0
204.0,3.6062446,33.48612,221.29376,143.0054,136.7655,228.7287,168.32016,173.03572,48.57026,89.3471,85.79451,61.760204,27.964012,35.40689,129.57457,32.606243,0
153.0,32.456203,98.6,204.30788,168.20673,106.555664,231.42265,180.41502,214.01785,49.98217,87.668465,123.02155,67.911995,39.326206,39.696453,99.5937,32.36,0
204.0,0.0,98.834206,196.1634,150.70349,122.432205,234.38628,226.77866,218.57143,55.394154,95.68257,96.87647,76.66541,42.478035,38.337765,116.01355,33.522552,0
153.0,115.905846,0.0,201.61275,128.55788,121.36276,231.2315,234.8419,182.14285,77.86706,86.48506,121.82194,58.59776,33.637917,44.52419,90.8613,31.970171,0
204.0,0.0,107.35604,192.49892,124.0584,103.14303,227.86415,0.0,191.25,24.792046,91.10563,127.66149,100.98092,41.169975,27.998684,136.34,41.10764,0
