SiO2  ,Al2O3 ,Fe2O3 ,MnO ,MgO ,CaO ,Na2O ,K2O ,TiO2 ,P2O5 
61.13,11.83,7.4,0.11,3.03,3.63,2.13,1.26,1.24,0.1
64.87,12.18,7.06,0.09,2.44,3.17,2.01,1.75,0.96,0.13
61.92,11.02,7.64,0.1,3.8,4.17,1.51,1.9,1.05,0.21
63.72,11.34,7.46,0.1,3,4.02,1.88,1.55,1.04,0.15
59.55,13.22,7.33,0.1,3.52,3.33,1.56,2.43,0.99,0.17
61.76,13.36,6.56,0.09,3.67,3.02,1.81,2.33,0.91,0.11
64.53,13.24,6.25,0.09,3.36,2.54,1.63,2.36,0.86,0.09
62.97,13.65,6.19,0.09,3.09,2.81,1.06,2.79,0.95,0.14
67.5,10.57,5.57,0.1,2.35,3.44,1.2,2.01,0.94,0.14
63.76,11.57,4.96,0.08,2.67,4.55,1.49,2.32,0.84,0.15
60.15,13.13,5.82,0.09,2.53,4.28,0.62,2.56,0.79,0.13
52.5,15.66,5.71,0.08,2.56,2.55,7.25,2.35,0.75,0.08
62.15,13.7,6.35,0.09,2.62,1.83,0.56,2.58,0.82,0.09
59.6,15.28,7.38,0.09,3.12,3.03,1.49,1.57,0.83,0.11
65.48,12,6.48,0.09,2.71,3.22,1.64,2.06,0.83,0.24
60.63,11.16,7.78,0.11,5.09,3.47,1.15,1.93,0.75,0.22
63.94,11.53,7.97,0.1,3.73,3.07,1.38,1.8,0.92,0.15
62.18,14.07,6.61,0.09,3.12,2.49,1.75,2.48,0.82,0.15
62.59,13.56,6.04,0.09,2.92,3.55,2.32,1.99,0.89,0.12
59.31,15.29,6.92,0.09,3.73,3.19,1.65,2.28,0.91,0.15
58.84,14.91,6.23,0.09,3.12,2.69,1.12,2.89,0.86,0.13
66.91,11.37,6.13,0.1,2.48,2.46,0.94,2.14,0.86,0.13
58.46,13.3,5.93,0.1,3.43,4.38,1.47,2.61,1,0.16
64.62,10.27,5.28,0.09,2.73,4.14,1.1,2.11,0.8,0.2
65.59,11.1,5.09,0.09,2.6,4.09,0.92,2.33,0.85,0.2
63.43,11.94,5.66,0.09,2.83,4.36,1.11,2.38,0.79,0.13
64.09,12.83,6.23,0.08,1.99,2.86,2.05,2.33,0.79,0.16
57.64,11.3,7.17,0.09,3.35,4.78,1.05,2.26,0.87,0.31
62.25,12.81,7.56,0.11,2.91,2.73,1.33,2.35,0.87,0.13
68.23,10.92,7.69,0.1,2.77,2.16,0.11,1.73,0.87,0.15
70.95,11.38,6.43,0.08,2.37,2.16,0.15,1.76,0.86,0.11
54.82,13.84,8.43,0.11,4.34,4.95,1.51,2.03,1.09,0.18
55.71,15.65,7.39,0.1,3.7,3.26,1.25,2.97,0.92,0.17
60.32,13.23,5.79,0.1,3.41,3.56,1.33,2.61,0.9,0.19
57.59,13.98,6.19,0.1,3.51,4.45,1.13,2.46,0.88,0.16
64.35,13.03,5.41,0.09,2.76,3.1,1.31,2.44,0.86,0.18
63.14,13.08,5.61,0.09,3.22,3.59,1.25,2.46,0.89,0.2
64.28,10.04,4.99,0.08,2.3,4.42,1.09,1.92,0.75,0.2
68.19,11.03,6.02,0.1,2.39,2.22,1.48,1.98,0.95,0.22
63.47,11.83,7.65,0.11,2.94,4.09,2.06,1.6,1.11,0.22
62.55,12.96,6.97,0.1,2.62,3.11,1.28,2.05,0.85,0.13
65.65,10.65,8.62,0.1,3.19,2.82,0.08,1.24,1.06,0.11
63.41,10.77,8.15,0.11,4.07,3.6,0.07,1.15,0.85,0.23
49.64,11.79,7.97,0.1,6.44,7.18,1.58,1.55,1.06,0.17
52.3,15.44,9.51,0.12,4.13,5.64,1.23,2.23,1.1,0.14
65.04,10.43,5.74,0.09,3.94,4.57,0.03,1.51,0.74,0.22
56.73,13.21,5.74,0.09,3.68,4.37,1.79,2.38,0.77,0.24
56.08,13.99,6.78,0.09,3.59,4.71,1.18,2.28,0.86,0.14
52.09,13.1,5.44,0.09,3.25,7.21,2.45,2.07,0.83,0.09
59.74,13.45,6.36,0.09,3.88,3.54,1.2,2.32,0.85,0.14
60.82,14.87,5.63,0.08,2.97,3.91,1.12,1.82,0.7,0.08
65.25,10.74,5.65,0.08,2.55,3.34,1.6,1.87,0.85,0.13
57.03,14.39,8.36,0.11,4.15,3.86,1.72,2.1,1.07,0.21
67.1,11.51,7.53,0.1,3.21,2.27,0.12,1.66,0.84,0.12
67.18,11.08,6.94,0.1,3.68,2.33,0.16,1.81,0.85,0.13
62.89,11.64,8.04,0.1,3.64,3.28,0.12,1.65,0.97,0.2
60.49,13.74,8.64,0.1,3.93,2.59,0.07,2.02,1.08,0.12
46.24,10.39,7.64,0.1,8.22,9.8,0.05,1.29,0.66,0.17
55.64,11.94,7.74,0.11,4.43,4.79,1.29,2.11,1,0.29
56.48,13.08,6.92,0.1,3.51,5.82,1.11,1.96,0.85,0.18
59.46,14.24,7.18,0.09,3.18,3.42,1.72,1.9,0.91,0.15
59.01,13.37,7.99,0.1,3.65,3.63,1.52,1.92,0.94,0.13
62.83,11.93,6.15,0.1,3.31,4.28,2.01,1.56,0.87,0.1
59.42,10.96,5.76,0.09,3.41,5.97,1.59,1.81,0.81,0.11
67.05,12.59,5.39,0.08,2.64,2.38,1.32,2.12,0.79,0.09
61.29,13.48,9.57,0.11,3.56,2.85,0.08,2.24,1.33,0.27
54.85,13.84,9.69,0.12,4.75,4.53,1.6,2.21,1.44,0.16
52.72,12.53,8.47,0.1,5.49,5.55,1.39,1.77,1.06,0.15
55.9,12.83,8.65,0.1,6.62,3.26,0.07,2.16,1.04,0.18
53.78,15.14,8.11,0.1,4.29,3.62,1.35,3.54,1.02,0.28
59.27,14.66,7.11,0.09,3.41,2.73,1.26,2.73,0.89,0.14
65.17,10.26,6.5,0.09,3.35,4.23,0.04,1.78,0.84,0.16
59.92,12.04,7.54,0.1,3.56,3.25,1.38,1.44,0.92,0.16
57.94,11.63,10.32,0.13,4.23,3.8,1.15,1.35,1.44,0.08
60.71,12.6,7.18,0.09,2.84,3.49,1.31,1.87,0.93,0.09
64.95,10.39,5.69,0.09,2.88,3.97,2.14,1.47,0.86,0.09
70.63,11.72,6.6,0.09,2.17,1.57,0.07,1.79,0.76,0.08
67.82,13.01,7.12,0.1,2.17,2.1,0.02,2.07,0.81,0.08
49.26,13.23,8.62,0.1,4.9,7.84,1.45,1.7,1.16,0.15
53.73,16.49,10.24,0.11,4.07,2.86,1.11,2.92,1.12,0.12
52.48,13.72,6.95,0.09,5.39,5.24,1.11,2.85,0.94,0.2
51.14,17.17,7.16,0.08,4.85,4.71,2.56,2.18,0.82,0.15
57.51,12.8,6.28,0.09,3.39,6.07,1.22,2.62,1.01,0.16
53.28,14.6,7.81,0.1,6.63,4.12,0.06,2.66,1.01,0.2
62.39,15.14,5.39,0.07,2.34,3.43,1.08,2.79,0.79,0.12
62.32,15.36,5.81,0.07,2.49,3.48,1.01,2.98,0.82,0.12
60.53,15.81,6.38,0.07,2.61,3.31,0.95,3.17,0.86,0.13
67.48,12.15,6.91,0.09,2.6,1.95,0.09,1.93,0.81,0.09
67.79,12.18,6.92,0.1,2.76,1.95,0.08,1.93,0.82,0.08
65.27,12.96,6.61,0.1,2.22,3.03,0.28,2.28,1.06,0.21
56.33,10.88,5.58,0.07,5.06,6.45,0.15,2.63,0.79,0.17
54.66,10.46,6.89,0.09,5.82,6.76,0.14,1.9,0.93,0.17
47.6,10.64,6.43,0.08,7.19,9.08,0.93,2,0.89,0.22
58.23,15.69,7.85,0.1,3.47,2.29,1.28,3.05,1,0.11
58.18,13.44,6.3,0.09,3.15,4.02,1.67,2.4,1.02,0.15
57.8,13.95,5.34,0.09,4,5.32,0.16,3.6,0.87,0.18
51.25,17.08,7.94,0.08,3.94,4.44,1.73,3.59,1.02,0.16
58.8,14.65,7.56,0.1,3.79,3,1.31,2.89,0.95,0.14
65.22,11.94,6.92,0.1,2.95,3.5,1.86,1.64,0.85,0.15
68.87,11.26,7.37,0.1,3.82,3.35,2.22,1.26,0.98,0.14
67.02,11.05,6.93,0.1,2.65,3.32,2.46,1.65,0.86,0.15
53.42,11.57,7.99,0.11,4.2,5.78,1.94,1.67,1.22,0.36
61.32,11.64,7.15,0.1,3.48,4.23,0.22,2.05,0.94,0.18
44.04,11.87,5.7,0.07,6.9,11.11,1.39,2.24,0.87,0.4
50.25,14.31,7.88,0.1,4.3,7.02,1.22,3.25,1.21,0.22
59.8,12.88,5.71,0.1,2.97,3.83,1.53,2.46,0.92,0.17
56.49,15.48,7.49,0.09,3.88,3.23,1.06,2.87,0.95,0.1
56.09,16.23,7.41,0.09,3.52,2.71,1.16,3.4,0.99,0.12
65.06,12.2,7.53,0.1,2.63,2.24,1.5,2.11,0.77,0.11
63.05,11.42,7.51,0.11,3.03,3.79,2.42,1.05,1.04,0.09
65.97,11.47,7.65,0.1,3.15,3.47,1.83,1.55,0.86,0.13
59.01,12.34,6,0.09,3.3,4.05,1.74,2.22,0.75,0.2
55.79,13.27,8.75,0.11,4.44,5.08,1.24,1.8,1.1,0.16
62.49,11.12,7.27,0.11,3.34,4.4,0.13,2,0.85,0.24
61.04,11.71,9.67,0.15,3.4,3.93,0.11,1.65,0.99,0.12
67.28,11.8,5.87,0.12,2.17,3.45,0.24,1.81,0.7,0.11
60.85,13.73,7.61,0.1,3.22,3.12,1.34,2.45,1.02,0.15
61.44,14.08,7.24,0.1,3.13,3.04,1.51,2.27,0.96,0.12
57.47,13.74,6.74,0.1,3.45,4.19,1.18,2.4,0.95,0.17
59.83,14.33,7.1,0.1,2.92,2.79,1.39,2.55,0.86,0.1
56.9,14.91,7.94,0.1,3.85,2.9,1.43,2.74,0.87,0.13
54.43,13.75,8.6,0.12,4.5,4.13,1.57,2.27,1.03,0.13
52.74,12.73,7.68,0.12,4.89,4.86,1.49,2.07,0.93,0.16
58.67,13.71,6.32,0.1,2.84,3.84,1.91,2.11,0.81,0.11
63.8,13.89,6.67,0.1,2.58,1.88,1.25,2.37,0.83,0.08
58.16,18.31,7.3,0.09,2.32,2.04,1.4,3.35,0.96,0.13
57.95,14.03,9.43,0.11,3.43,3.3,1.49,2.14,1.26,0.14
54.01,12.83,7.34,0.11,4.57,5.06,1.5,2.11,0.97,0.16
50.27,14.32,10.15,0.14,3.92,3.86,1.5,2.19,1.11,0.17
66.96,11.52,6.45,0.09,2.58,2.94,0.15,1.98,0.88,0.1
63.65,12.97,7.13,0.1,3.26,2.81,0.14,2.15,1.03,0.15
57.92,14.52,8.45,0.11,2.94,3.16,1.35,2.13,1.2,0.12
56.89,14.07,8.25,0.11,3.88,3.39,1.32,2.52,1.1,0.15
52.72,13.68,8.37,0.11,3.83,5.46,1.77,2.1,1.05,0.16
60.54,13.43,7.37,0.11,3.27,3.37,1.96,2.14,0.83,0.13
62.1,12.08,5.63,0.1,2.38,4.06,2,2,0.65,0.11
62.94,13.01,6.37,0.1,2.8,3.47,1.62,2.09,0.86,0.1
65.98,11.61,5.54,0.08,2.63,3.16,1.39,2.24,0.81,0.23
61.19,15.96,6.97,0.62,2.54,2.09,1.42,3.14,1.22,0.56
62.77,12.03,7.49,0.11,2.84,4.23,0.16,1.67,0.96,0.18
55.68,11.71,7.15,0.1,4.04,6.22,1.12,2.32,0.97,0.19
61.5,12.16,6.71,0.12,3.35,3.23,1.19,2.58,1,0.16
61.96,13.82,7.15,0.12,3.06,3.01,1.01,2.49,0.88,0.18
61.62,13.28,6.44,0.11,3.07,2.69,1.44,2.17,0.9,0.16
59.56,13.95,6.5,0.09,2.72,2.17,1.3,2.13,0.8,0.09
58.27,13.88,8.33,0.11,3.51,2.47,1.08,2.48,0.93,0.09
57.85,12.72,8.51,0.13,3.63,3.89,1.6,2.08,0.92,0.12
58.98,12.45,7.31,0.11,3.19,3.6,1.46,2.06,0.82,0.13
60.28,12.51,7.17,0.1,3.09,3.8,1.42,1.78,0.87,0.1
58.91,13.79,7.77,0.1,3.06,2.47,0.99,2.02,0.9,0.1
59.66,13.66,6.99,0.1,2.82,2.64,1.08,2.11,0.93,0.07
57.39,14.23,9.62,1.69,3.73,2.97,0.08,2.72,0.73,0.82
58.66,17.53,8.69,0.13,2.18,2.11,0.1,3.5,1.53,0.16
57.14,16.4,8.43,0.12,3.1,3.23,1.4,2.58,1.14,0.13
58.13,14.04,7.21,0.09,3.3,4.26,1.36,2.56,1.11,0.17
58.45,13.01,7.01,0.1,3.43,3.94,1.51,2.26,0.91,0.18
64.64,11.69,7.78,0.08,3.3,2.78,0.18,2.02,1.06,0.12
52.8,13.86,9.04,0.09,4.98,4.41,1.02,2.13,1.09,0.12
53.53,13.93,9.45,0.11,3.65,3.91,1.39,1.98,1.22,0.13
55.55,13.51,8.64,0.11,2.91,4.36,1.84,1.74,1.35,0.21
59.68,12.78,6.67,0.1,3.39,3.95,1.84,2.16,0.9,0.14
59.26,12.24,7.57,0.12,4.06,3.37,1.21,2.1,0.87,0.19
57.43,13.3,7.67,0.11,3.79,3.79,1.07,1.91,0.91,0.1
61.53,12.93,6.63,0.09,3.32,3.77,1.43,2.13,0.85,0.2
63.58,14.66,6.55,0.09,2.32,2.06,0.19,3,1.04,0.29
58.61,15.75,8.76,0.11,3.06,1.99,0.11,3.24,1.11,0.24
59.48,14.54,6.61,0.09,2.71,3.04,1.63,2.92,1.17,0.31
61.84,12.79,6.94,0.11,3.08,3.94,0.15,2.13,1.16,0.24
58.77,13.66,8.21,0.11,3.62,3.16,1.1,2.3,0.91,0.14
61.64,11.76,7.17,0.1,3.34,4.02,1.24,2.23,0.98,0.12
62.05,11.13,6.96,0.1,3.89,3.39,1.25,2.24,0.9,0.15
59.77,12.3,8,0.11,3.47,3.7,1.1,2.25,1.03,0.15
52.67,11.38,7.34,0.1,5,7,1.01,1.92,0.9,0.13
50.02,11.1,7.98,0.1,5.11,8.56,0.9,1.58,1.2,0.23
54.85,12.59,7.31,0.09,4.36,5.09,0.89,2.31,0.97,0.13
55.55,12.74,7.48,0.1,4.54,5.53,1.1,2.43,1.05,0.28
51.27,10.59,5.54,0.08,5.3,9.92,0.97,1.87,0.97,0.32
59.788,13.87,9.4,0.1,3.44,2.07,1.61,1.78,1.2,0.2
62.202,14.74,9.08,0.1,2.7,2.01,1.36,1.73,0.94,0.14
59.926,14.44,9.07,0.1,3.25,2.12,1.34,1.99,0.93,0.16
60.048,16.71,8.46,0.08,2.91,1.71,1.55,2.34,0.9,0.14
61.11,15.83,7.07,0.08,2.29,2.49,1.95,2.15,0.90,0.14
57.97,15.00,8.89,0.11,2.96,3.10,1.53,1.90,0.87,0.13
59.96,14.75,6.92,0.08,2.62,2.91,2.64,1.64,1.04,0.15
60.16,16.02,8.02,0.09,2.29,2.91,2.48,1.03,1.21,0.11
65.01,14.86,5.77,0.08,2.35,2.36,2.93,1.66,0.70,0.13
58.93,13.10,5.97,0.09,3.28,6.50,1.06,1.89,0.93,0.23
65.56,13.08,5.64,0.07,2.70,3.21,1.51,1.48,0.81,0.10
64.04,14.46,6.39,0.08,2.76,3.04,1.56,1.29,1.00,0.10
61.08,11.72,5.73,0.08,2.87,7.71,0.69,1.65,0.90,0.16
60.562,14.73,7.56,0.09,3.29,2.1,1.56,2.12,1.03,0.25
60.024,14.79,9.39,0.12,2.73,2.76,1.7,1.86,1.01,0.12
63.46,14.13,7.61,0.09,2.31,2.03,1.8,1.86,0.96,0.14
57.554,15.63,10.22,0.11,2.73,3.04,1.78,1.4,1.12,0.3
57.96,15.72,7.00,0.08,3.06,2.88,1.92,2.22,0.85,0.14
57.58,15.06,8.89,0.09,3.89,2.84,1.49,1.94,1.11,0.14
54.33,12.78,6.83,0.08,2.83,6.89,1.81,1.82,0.97,0.23
58.67,13.76,6.69,0.08,2.87,6.92,1.20,1.82,0.91,0.11
60.93,14.08,6.21,0.08,3.57,4.98,1.15,2.21,0.79,0.13
55.60,13.81,5.17,0.08,2.87,8.91,0.85,2.07,0.83,0.11
63.37,13.19,5.95,0.08,2.96,4.11,1.16,1.53,0.90,0.14
61.54,13.83,5.65,0.08,2.58,5.65,1.43,1.25,1.03,0.11
66.19,14.75,5.78,0.08,2.42,2.41,1.18,1.83,0.86,0.10
60.064,14.93,6.95,0.09,2.81,3.19,1.75,1.8,1.23,0.09
63.096,14.33,4.5,0.07,2.21,4.13,2.19,2.17,0.73,0.14
63.964,13.91,6.01,0.09,1.86,2.82,2.21,2.27,0.8,0.21
63.204,15.29,6.01,0.09,1.85,1.95,2.31,2.71,0.78,0.13
59.09,15.28,7.74,0.10,3.81,2.93,1.49,1.90,0.87,0.13
63.15,14.08,6.04,0.08,2.89,4.03,1.61,1.82,0.83,0.15
62.59,11.60,4.53,0.07,2.43,5.33,1.88,1.40,0.79,0.12
64.06,14.75,5.89,0.08,2.97,3.36,1.34,1.93,0.88,0.16
63.49,13.91,6.33,0.08,3.38,3.83,1.48,1.84,0.88,0.08
67.35,13.42,5.76,0.10,3.08,2.20,0.92,2.19,0.82,0.12
65.12,14.55,6.50,0.09,2.84,2.53,0.85,1.41,0.96,0.10
64.84,13.92,5.82,0.08,2.45,4.42,1.27,1.35,1.06,0.09
64.55,13.24,4.57,0.07,2.49,6.80,1.02,1.67,0.81,0.10
61.58,15.06,7.07,0.08,2.76,2.20,2.63,1.80,1.06,0.27
61.53,11.01,5.69,0.08,2.84,5.93,0.78,1.02,0.93,0.12
61.77,14.51,4.19,0.07,1.69,4.54,2.40,2.51,0.58,0.12
61.78,13.63,7.43,0.10,3.12,4.48,1.10,2.13,0.95,0.13
61.79,13.72,6.41,0.09,2.89,4.17,0.73,1.48,0.90,0.13
61.40,13.05,5.41,0.08,2.98,4.51,1.09,1.63,0.77,0.21
63.10,15.05,6.12,0.08,2.87,2.25,1.13,1.64,0.81,0.11
64.30,13.04,5.48,0.08,3.24,4.66,1.25,1.62,0.83,0.29
64.62,13.04,4.91,0.07,2.97,4.03,1.54,2.13,0.70,0.18
62.02,12.52,5.04,0.11,2.44,8.65,0.90,2.02,0.83,0.28
65.31,11.63,5.28,0.09,3.00,4.51,1.08,1.78,0.84,0.32
69.07,11.50,3.74,0.07,1.86,3.67,1.86,1.17,0.91,0.10
65.07,13.86,5.21,0.06,2.51,3.65,1.51,1.75,0.92,0.08
61.93,15.24,7.36,0.09,2.89,2.08,1.28,1.83,1.00,0.20
56.96,14.23,5.14,0.09,2.52,5.05,1.06,1.69,0.89,0.13
56.02,13.04,5.03,0.08,2.77,6.26,0.86,1.71,0.82,0.13
54.51,12.19,4.55,0.07,2.50,7.77,1.26,2.07,0.71,0.32
57.96,14.27,5.31,0.07,2.76,4.05,1.35,1.79,0.88,0.17
57.33,14.85,5.34,0.07,2.66,4.14,1.41,1.70,0.90,0.12
52.29,13.01,5.22,0.07,2.76,7.66,2.16,1.70,0.78,0.22
58.59,15.17,5.83,0.07,2.61,2.76,1.16,1.47,0.89,0.09
55.71,12.86,5.79,0.08,3.35,8.56,0.87,1.78,0.82,0.14
68.48,12.75,5.02,0.09,2.65,2.52,0.88,2.26,1.00,0.16
62.24,13.54,6.29,0.08,3.17,4.21,1.27,1.81,0.88,0.10
64.01,14.27,7.34,0.08,2.61,3.00,1.50,1.14,0.98,0.09
65.82,13.48,4.98,0.07,2.40,3.99,1.08,1.75,0.87,0.09
60.69,15.34,6.34,0.09,2.95,3.05,1.20,1.85,0.85,0.12
58.06,14.34,5.64,0.06,2.99,2.60,0.87,1.84,0.93,0.18
57.02,14.38,5.68,0.08,2.97,3.31,0.97,1.84,0.85,0.13
57.78,14.75,5.71,0.10,2.45,2.97,0.57,1.83,0.85,0.09
57.50,13.17,4.05,0.08,2.34,5.06,3.65,1.44,0.81,0.09
56.70,13.03,5.05,0.06,2.99,5.89,1.98,1.62,0.81,0.30
54.72,13.22,5.05,0.07,3.04,6.34,1.34,1.90,0.77,0.16
60.98,12.77,4.24,0.06,2.44,4.36,2.39,1.42,0.86,0.13
57.48,14.79,6.90,0.09,2.84,2.84,0.98,2.01,0.87,0.11
64.87,14.94,6.37,0.12,2.77,2.22,0.76,2.34,0.80,0.17
65.68,13.87,5.42,0.08,2.85,2.50,1.10,1.96,0.85,0.13
59.04,13.25,6.45,0.08,2.90,6.64,1.26,1.28,0.96,0.17
63.85,13.31,5.20,0.07,2.60,4.80,0.89,1.79,0.80,0.10
52.45,12.84,4.97,0.07,2.85,8.12,1.21,1.80,0.79,0.27
58.43,14.58,5.84,0.09,2.72,2.59,0.76,1.91,0.88,0.11
57.10,14.09,5.68,0.08,2.93,3.49,0.53,1.70,0.84,0.11
57.58,13.57,5.30,0.07,2.80,4.23,0.64,1.75,0.82,0.11
58.77,13.63,5.34,0.09,2.54,3.66,0.61,1.67,0.84,0.10
48.27,12.96,5.03,0.07,3.05,7.82,4.52,1.44,0.85,0.35
59.69,12.00,3.50,0.05,1.87,8.04,2.49,1.33,0.77,0.10
54.69,12.18,4.78,0.07,2.65,7.59,1.55,1.85,0.71,0.29
59.05,14.2,6.54,0.1,3.27,2.96,1.25,1.67,0.95,0.07
57.66,15.12,5.92,0.11,2.93,4,0.7,2.26,0.79,0.07
52.07,12.13,5.42,0.07,3.63,7.51,1.9,1.48,0.8,0.14
53.97,11.85,4.88,0.08,3.2,7.61,1.61,1.76,0.79,0.07
60.46,12.12,4.26,0.07,2.61,5.06,1.4,1.66,0.77,0.07
59.88,11.67,3.81,0.06,2.3,3.04,7.4,1.71,0.83,0.08
56.73,11.68,3.54,0.06,2.91,4.78,7.9,1.52,0.72,0.13
60.49,12.72,3.87,0.07,2.44,4.15,4.73,2.09,0.72,0.09
48.1,11.45,8.56,0.21,4.89,8.58,1.09,2.11,0.66,0.55
58.28,13.08,5.45,0.1,2.83,4.8,1.01,2.07,0.81,0.15
61.48,12.15,4.13,0.07,2.42,5.26,1.39,1.68,0.78,0.12
64.94,14.32,5.44,0.1,2.39,1.78,0.66,1.7,0.89,0.06
54.21,12.43,5.96,0.08,3.27,5.89,4.42,1.74,0.87,0.11
58.05,12.65,4.98,0.07,3.79,3.91,5.47,2.26,0.75,0.13
58.62,13.92,5.11,0.12,2.81,2.95,5.99,2.46,1.03,0.13
57.88,13.14,5.8,0.09,3.51,3.17,2.18,1.35,0.99,0.08
56.45,12.92,6.4,0.08,3.68,4.83,2.89,1.21,0.91,0.08
48.92,11.13,4.4,0.07,4.07,10.58,1.95,1.37,0.72,0.06
67.08,14.33,4.92,0.08,2.29,2.24,2.45,1.89,0.83,0.10
58.8,11.51,3.76,0.06,2.38,4.89,3.12,1.75,0.73,0.09
59.27,11.42,4.98,0.07,2.88,4.85,1.85,2.77,0.75,0.37
53.17,11.7,6.2,0.1,3.31,6.6,1.91,2.64,0.68,0.4
51.45,12.45,5.55,0.1,2.92,7.78,2.71,1.71,0.68,0.14
51.72,11.6,5.33,0.07,2.98,8.96,1.32,2.01,0.69,0.27
64.39,13.08,4.66,0.07,2.74,3.03,1.06,1.76,0.85,0.09
64.29,12.87,4.6,0.08,2.45,2.99,1.95,1.43,0.83,0.07
53.44,11.2,4.14,0.06,3.13,8.14,2.68,1.7,0.61,0.07
65.89,13.19,4.74,0.12,2.4,1.78,0.9,2.1,0.92,0.1
61.24,14.22,5.17,0.07,3.97,1.73,2.57,1.1,1,0.06
58.55,13.05,4.97,0.06,2.98,5.14,2.39,1.26,0.9,0.06
61.57,12.28,4.98,0.09,3.08,4.36,3.17,1.65,0.9,0.09
67.87,12.36,4.56,0.08,2.14,1.90,1.81,2.29,0.81,0.29
57.68,11.67,5.93,0.08,2.93,6.51,1.25,1.55,1.01,0.16
62.1,12.83,4.59,0.08,2.37,2.36,1.38,2.17,0.81,0.1
61.81,11.37,4.04,0.07,2.23,3.63,1.31,2.07,0.81,0.16
60.45,12.68,4.87,0.08,2.31,2.93,1,2.22,0.82,0.1
58.47,11.42,4.03,0.05,2.32,6.36,1.4,1.9,0.69,0.07
62.08,11.93,4.43,0.07,2.36,4.07,1.44,1.66,0.82,0.08
57.67,12.43,4.81,0.07,2.72,3.87,2.56,1.76,0.8,0.09
57.55,12.8,5.26,0.08,3.24,4.18,1.24,2.16,0.79,0.07
65.73,10.98,3.91,0.08,2.07,3.17,1.49,1.67,0.79,0.09
58.44,12.43,4.78,0.07,3.15,4.13,2.14,1.66,0.82,0.11
56.05,11.78,5.36,0.07,3.47,4.42,3.39,1.66,0.94,0.09
63.23,13.49,5.07,0.09,2.5,1.89,1.27,2.07,0.86,0.06
64.87,12.42,5.35,0.07,2.37,3.68,1.57,2.05,0.77,0.17
68.84,13.01,4.10,0.07,1.78,2.04,1.99,2.22,0.68,0.17
65.41,12.48,5.21,0.08,2.38,2.92,1.48,1.84,0.79,0.28
58.18,13.97,5.24,0.07,2.78,2.72,1.76,2.16,0.81,0.09
59.73,12.69,4.92,0.08,2.69,3.41,1.16,2.42,0.75,0.2
60.69,12.13,4.58,0.07,2.5,4,1.77,1.92,0.8,0.08
54.24,12.32,4.89,0.07,2.57,6.42,1.27,1.77,0.81,0.08
62.57,10.66,3.53,0.05,2.19,4.11,1.89,1.84,0.76,0.05
62.17,11.87,4.25,0.06,2.52,3.1,1.46,2.05,0.79,0.07
64,10.65,3.49,0.06,2.17,4.61,1.21,1.66,0.69,0.06
59.29,10.73,3.97,0.06,2.4,6.3,1.29,1.62,0.74,0.07
57.14,14.62,6.55,0.08,3,2.34,1.23,2.12,1.02,0.07
60.28,13.23,4.95,0.08,2.59,3.29,1.08,2.42,0.78,0.08
67.96,13.80,4.59,0.07,2.05,1.81,2.20,2.34,0.67,0.10
66.21,13.82,4.78,0.08,2.27,2.26,1.90,1.97,0.74,0.12
67.87,11.95,4.19,0.07,2.23,2.90,1.83,1.85,0.65,0.28
61.70,13.79,7.15,0.09,3.74,2.43,1.38,1.83,0.92,0.15
60.21,13.18,5.35,0.08,2.71,3.15,1.5,2.2,0.85,0.09
60.5,12.54,5.15,0.07,2.53,3.7,2.14,1.84,0.96,0.09
56.06,13.15,5.74,0.08,2.58,5.07,1.51,1.45,1.01,0.07
57.34,13.43,5.69,0.07,2.64,5.21,1.53,1.36,0.86,0.1
45.99,10.98,4.61,0.06,2.73,13.09,1.55,1.15,0.7,0.09
59.02,11.97,4.42,0.07,2.25,5.93,1.21,1.68,0.78,0.09
56.58,16.91,6.27,0.07,2.97,2.47,1.2,2.94,0.88,0.07
53.63,14.47,5.06,0.06,2.8,5.75,1.78,2.27,0.82,0.07
61.03,14.89,5.38,0.08,2.73,2.79,0.86,2.39,0.8,0.06
63.20,12.98,5.32,0.08,2.94,3.33,1.59,2.32,0.74,0.22
66.91,13.32,4.68,0.07,2.39,1.92,1.68,2.13,0.73,0.13
66.83,13.46,4.83,0.07,2.22,2.50,1.69,1.76,0.76,0.09
61.26,13.89,6.70,0.08,3.15,3.40,1.39,1.72,0.93,0.14
59.86,12.93,4.27,0.06,2.49,3.48,5.18,1.92,0.89,0.08
60.21,13.38,6.18,0.09,2.88,2.83,1.6,2.09,0.96,0.18
62.35,14.32,5.99,0.08,2.66,1.88,1.55,1.72,0.95,0.08
61.27,13.67,4.91,0.08,2.63,2.58,2.73,1.25,0.89,0.09
58.64,13.97,5.41,0.09,3.14,3.58,1.88,1.92,0.86,0.07
57.02,14.59,5.27,0.07,2.69,4.13,1.69,2.04,0.86,0.07
54.56,15.66,5.67,0.06,2.79,4.58,1.25,2.86,0.94,0.09
52.82,14.69,6.14,0.06,3.14,5.76,1.28,2.19,0.82,0.07
66.18,13.64,4.17,0.05,2.62,1.94,1.17,2.06,0.66,0.07
64.38,14.30,5.79,0.08,2.85,1.66,1.43,2.15,0.79,0.10
64.15,13.73,5.68,0.08,2.87,2.15,1.40,2.05,0.83,0.10
64.70,14.06,6.37,0.08,2.96,2.04,1.47,1.92,0.88,0.10
62.43,13.67,5.87,0.08,3.04,2.75,1.61,2.11,0.88,0.14
59.31,12.28,4.45,0.06,2.66,3.62,5.76,1.63,0.85,0.07
63.95,13.26,4.99,0.07,2.53,1.94,1.69,2.06,0.81,0.07
61.35,12.44,4.57,0.07,3.46,3.71,2.07,1.86,0.82,0.22
61.87,11.86,4.17,0.07,2.49,4.48,2.11,1.66,0.76,0.1
62.71,12.38,4.68,0.06,2.65,2.14,1.7,1.82,0.89,0.07
56.79,15.14,5.38,0.08,2.52,4.96,1.87,2.46,0.92,0.08
59.95,15.55,6.03,0.08,3,2.01,1.3,2.84,0.95,0.09
56.67,15.31,4.45,0.03,2.65,4.58,2.09,2.92,0.65,0.05
54.13,14.44,4.71,0.04,3.07,1.84,5.3,2.86,0.63,0.08
60.19,15.68,4.63,0.06,1.61,1.8,1.82,3.73,0.67,0.17
64.35,15.77,4.88,0.06,1.42,0.72,1.18,3.89,0.83,0.1
66.66,14.01,4.57,0.06,1.68,1.1,1.37,3,0.91,0.15
56.13,13.41,4.24,0.05,1.86,6.88,1.26,2.65,0.71,0.14
57.08,15.92,6.37,0.08,2.83,1.51,2.22,3.27,0.91,0.11
57.44,15.25,6.63,0.09,2.77,3.52,3.7,2.3,1.58,0.53
57.84,15.42,6.66,0.09,2.44,3.18,3.28,2.45,1.43,0.43
63.07,13.99,5.91,0.09,2.22,3.05,2.27,2.22,1.2,0.39
56.52,14.46,5.67,0.08,2.4,5.93,2.03,2.74,1.1,0.31
61.07,17.68,4.14,0.05,1.33,1.44,2.47,4.01,0.66,0.12
61.6,15.63,6.22,0.07,2.1,2.46,1.72,3.11,0.88,0.08
59.59,13.47,7.94,0.11,4.32,2.94,1.01,2.62,1.03,0.14
67.53,15.62,7.44,0.07,1.67,1.08,1.08,2.35,0.95,0.11
66.07,14.58,4.22,0.07,1.63,0.85,0.94,4.25,0.88,0.1
68.73,15.65,3.92,0.03,1.33,0.57,1.17,3.52,0.8,0.1
59.48,13.6,5.31,0.07,2.54,4.89,1.39,2.53,0.8,0.14
61.39,13.37,5.62,0.07,2.43,3.31,1.92,2.49,0.91,0.11
57.16,14.93,6.54,0.08,2.86,3.31,2.88,3.04,1.22,0.35
56.08,15.53,6.79,0.09,2.52,3.45,2.64,3.13,1.31,0.26
61.34,16.57,4.09,0.06,1.43,2.38,2.83,3.44,1.12,0.14
62.34,16.34,4.55,0.07,1.69,1.62,2.28,3.19,0.93,0.12
69.45,15.29,4.45,0.07,1.36,1.38,2.28,3.97,0.86,0.12
61.83,17.81,4.08,0.05,1.36,1.11,2.38,3.19,0.62,0.07
52.1,17.16,7.14,0.08,3.42,4.66,1.62,2.19,1.04,0.1
56.7,18.3,7.55,0.07,1.87,1.18,1.11,2.78,0.99,0.07
60.87,17.21,6.72,0.05,1.67,0.82,1.44,2.86,1.17,0.07
65.55,15.71,3.73,0.04,1.58,1.06,1.1,4.12,0.7,0.14
63.89,14.65,4.77,0.04,1.79,1.66,1.04,3.02,0.7,0.13
59.44,15.83,5.06,0.06,3.11,3.36,1.26,3.34,0.66,0.12
56.21,15.94,4.26,0.07,2.2,3.39,4.87,2.27,1.12,0.14
61.03,16.01,4.97,0.07,1.79,2.22,3.94,2.58,1.22,0.2
59.93,17.14,5.21,0.11,1.98,2.07,2.68,3.2,0.95,0.1
62.33,16.34,4.49,0.07,1.5,1.53,2.03,3.93,0.73,0.17
62.84,16.88,3.87,0.05,1.22,1.32,2.08,3.51,0.65,0.1
62.14,15.46,5.68,0.08,2.15,1.78,2.85,2.53,1.02,0.1
59.49,16.92,4.26,0.06,2.07,1.45,3.16,3.37,0.77,0.12
50.54,13.63,7.72,0.09,4.35,5.98,1.84,2.34,1.21,0.1
52.01,17.09,7.12,0.07,2.52,3.55,1.1,2.6,0.86,0.12
60.91,15.31,7.2,0.12,2.27,1.07,0.9,2.19,0.92,0.12
64.5,15.57,4.62,0.03,1.45,0.71,1.06,3.25,0.9,0.13
64.48,15.88,4.97,0.04,1.81,0.72,1.05,3.2,0.76,0.11
65.17,13.54,4.7,0.07,2.83,2.21,1.58,2.44,0.77,0.1
57.23,14.8,5.99,0.06,4.08,5.78,0.98,2.48,0.75,0.12
59.26,15.3,5.1,0.08,3.01,3.6,1.79,2.43,0.95,0.17
60.73,16.19,5.24,0.09,2.83,2.01,1.42,3.88,0.76,0.15
59.8,17.03,5.73,0.08,1.96,1.71,1.93,3.31,0.97,0.11
63.9,15.8,4.35,0.07,1.32,1.5,2.26,3.36,0.69,0.07
60.53,17.32,4.28,0.07,1.64,1.3,3.74,1.97,1.02,0.11
60.61,16.47,4.88,0.07,1.61,1.37,3.09,2.4,0.91,0.09
55.5,13.91,8.33,0.11,4.41,2.3,0.75,2.05,1.01,0.12
53.14,13.96,7.78,0.12,3.57,5.1,0.61,2.06,0.96,0.13
53.93,15.28,9.47,0.14,3.04,3.01,1.46,1.02,1.1,0.13
57.9,15.48,4.14,0.04,1.7,4.29,2.97,2.84,0.8,0.1
67.96,13.17,4.55,0.04,2.07,1.06,1.04,2.84,0.61,0.11
63.64,14.81,4.39,0.06,2.14,2.17,1.43,3.97,0.66,0.14
49.44,18.47,5.49,0.08,2.61,4.37,3.51,3.54,0.86,0.09
59.55,16.22,5.49,0.12,2.09,1.9,2.48,3.84,0.77,0.11
57.75,16.36,6.09,0.08,1.93,1.72,1.66,3.71,0.88,0.12
61.02,16.21,5.42,0.08,1.94,2.17,1.6,3.1,0.85,0.12
58.97,17.63,5.49,0.08,2.13,1.32,2.86,2.61,0.91,0.09
59.7,17.19,5.61,0.08,1.84,1.36,1.72,3.73,0.81,0.08
55.55,14.84,6.94,0.09,3.27,3.33,1.24,2.66,0.88,0.11
53.86,12.88,6.8,0.11,2.92,6.37,0.72,1.95,0.94,0.14
56.97,15.94,8.73,0.15,2.03,1.32,1.22,1.96,1.15,0.1
64.77,12.47,7.2,0.08,3.4,1.12,0.81,1.77,0.72,0.07
63.38,13.96,4.19,0.04,1.68,3.24,1.2,3.09,0.6,0.09
62.81,14.18,5.01,0.07,2.14,3.17,1.57,3.34,0.77,0.12
60.66,16.44,5.1,0.07,2.17,1.91,1.92,3.87,0.69,0.12
58.19,17.74,5.76,0.08,1.81,1.12,1.97,4.05,0.75,0.09
59.36,16.64,5.86,0.09,2.14,1.9,1.67,3.77,0.88,0.1
57.5,17.95,6.34,0.11,1.9,1.03,1.49,4.4,0.73,0.1
58.08,18.03,6.48,0.08,2.16,1.32,1.53,3.42,0.91,0.08
58.57,17.76,7.02,0.08,2.33,1.72,2.21,3.43,0.96,0.08
54.63,16.66,8.01,0.1,4.02,3.1,1.5,3.11,0.92,0.13
56.39,14.16,8.9,0.15,5.98,3,1.24,1.66,1.11,0.14
60.59,14.82,7.42,0.15,1.88,1.34,1.25,1.77,0.88,0.1
57.25,14.57,9.45,0.18,2.32,1.93,0.97,1.68,1.05,0.1
64.84,13.17,8.03,0.14,4.06,0.72,2.09,1.62,1.03,0.09
67.08,14.28,4.6,0.04,1.82,0.75,0.95,3.19,0.57,0.11
59.68,13.86,5.59,0.07,2.36,4.48,2.24,2.69,0.95,0.11
57.33,17.56,6.46,0.12,2.66,1.74,1.82,3.36,0.89,0.09
54.17,17,7.57,0.1,2.48,2.01,1.39,3.37,0.92,0.11
54.89,16.73,7,0.07,3.38,2.61,1.45,2.97,0.92,0.09
37.36,11.07,5.51,0.08,4.61,16.11,0.62,1.72,0.89,0.18
50.93,14.64,9.16,0.12,4.24,3.97,0.87,2.01,1.11,0.1
52.37,18.42,11.59,0.09,3.94,1.91,1.55,2.94,1.25,0.08
62.22,14.26,8.99,0.13,2.82,1.82,1.34,1.04,1.4,0.09
67.35,13.94,7.28,0.13,1.97,1.29,1.14,1.96,1.32,0.08
63.16,14.58,9.17,0.15,3.17,0.96,0.85,1.76,1.08,0.09
65.04,13.77,8.37,0.12,3.31,1.16,0.94,1.88,1.08,0.08
65.92,13.35,7.81,0.13,3.59,0.9,1.4,1.82,0.76,0.09
58.69,15.99,4.5,0.04,1.94,2.78,1.7,3.24,0.53,0.11
53.62,12.38,5.5,0.06,3.96,7.52,1.01,2.63,0.78,0.16
54.06,12.49,7.84,0.1,4.52,5.82,1.36,2.02,1.13,0.2
51.04,12.82,8.09,0.1,3.92,8.16,1.53,1.85,1.29,0.2
57.08,12.07,8.56,0.1,3.78,5.29,1.68,1.94,1.17,0.21
57.09,14.07,7.71,0.11,5.12,2.58,1.22,2.01,0.96,0.15
58.53,13.59,7.67,0.11,3.44,2.95,1.42,1.52,1.04,0.11
62.62,14.38,8.98,0.11,2.89,2.12,1.12,1.58,1.08,0.11
64.13,12.74,8.47,0.16,4.82,0.85,1.06,1.75,0.95,0.08
69.99,12.72,7.14,0.12,2.54,0.73,0.96,1.92,1.01,0.08
58.11,13.27,9.08,0.13,4.69,1.06,1.78,1.53,1.01,0.09
58.61,13.77,10.34,0.13,4.89,1.33,3.16,1.99,1.03,0.08
60.31,13.36,8.65,0.15,4.78,1.57,2.57,1.54,0.94,0.12
56.06,16.86,5.96,0.09,2.84,1.64,1.18,3.7,0.99,0.14
53,13.49,6.6,0.11,4.64,5.72,0.94,2.39,0.8,0.13
48.92,13.72,6.61,0.08,2.47,10.02,1.27,2.19,0.91,0.11
63.26,13.24,5.54,0.08,2.59,3.6,2.69,2.04,0.77,0.15
53.17,15.95,8.68,0.12,2.99,4.18,1.52,1.85,1.02,0.16
58.17,14.56,9.13,0.14,3.05,2.99,1.86,2.55,1.17,0.1
55.56,12.88,10.14,0.12,6.49,1.6,1.83,3.81,1.12,0.11
51.07,14.21,11.17,0.17,7.33,1.58,2.24,3.45,1.29,0.09
52.46,14.28,11.17,0.36,7.77,1.04,1.89,3.15,1.15,0.11
55.22,14.2,11.12,0.16,5.77,0.93,2.97,2.62,1.21,0.1
54.83,12.69,11.49,0.14,5.97,2.21,2.98,1.61,1.31,0.12
55.73,13.05,10.87,0.16,4.25,3.06,2.12,1.04,1.35,0.11
53.83,12.62,12.11,0.15,4.51,3.31,2.23,1.52,1.28,0.1
50,12.88,4.96,0.09,3.15,9.41,1.03,2.41,0.7,0.12
57.66,13.33,5.15,0.08,3.41,5.6,1.83,1.58,0.75,0.1
57.43,16.65,7.05,0.08,2.88,2.76,2.81,1.43,1.06,0.13
58.22,17.16,5.44,0.08,1.73,3.37,4.64,2.3,0.71,0.11
58.38,15.13,7.64,0.09,2.47,3.52,3.41,1.75,1.11,0.09
56.57,15.3,8.26,0.12,3.32,3.01,2.1,2.31,0.85,0.14
60.52,14.95,6.36,0.09,2.5,2.13,2.4,2.39,0.85,0.1
59.44,14.53,10.15,0.16,3.21,1.3,2.36,2.28,1.21,0.13
56.45,14.35,11.06,0.17,4.71,1.15,1.81,3.16,1.28,0.09
54.86,13.11,11.18,0.17,6.08,1.77,2.42,2.54,1.2,0.09
65.11,14.55,5.42,0.08,1.88,1.95,3.02,2.27,0.69,0.1
60.15,16.38,8.54,0.1,2.18,1.65,2.58,2.14,0.99,0.08
62.46,18.01,5.32,0.08,1.36,1.49,3.14,3.42,0.58,0.07
62.91,14.89,5.8,0.08,2.81,2.14,2,2.17,0.88,0.1
56.38,16.57,7.5,0.08,2.79,3.36,2.87,1.33,1.14,0.16
60.91,15.93,5.78,0.07,2.17,2.6,3.75,1.59,0.94,0.11
57.29,16,6.57,0.08,2.37,3.1,3.62,2.28,0.84,0.11
58.42,15.42,7.53,0.09,2.57,2.6,3.33,2.36,0.84,0.11
56.21,14.65,8.07,0.09,3.01,3.84,1.9,2.25,0.92,0.14
56.22,14.46,7.68,0.1,3.52,3.43,2.14,2.01,0.96,0.14
45.83,11.37,14.62,0.16,8.24,4.4,1.73,1.2,1.17,0.08
57.69,14.6,10.64,0.11,3.36,1.33,3.13,2.09,1.34,0.08
60.56,15.55,8.72,0.11,2.4,2.22,3.27,1.63,1.24,0.1
61.85,15.39,7.2,0.09,2.51,2.12,3.04,1.71,0.94,0.08
59.72,14.69,7.85,0.11,2.31,3.39,2.24,2.57,0.88,0.11
60.28,16.59,8.96,0.14,2.79,2.11,1.96,2.22,0.87,0.08
62.39,14.09,5.73,0.07,2.5,2.68,2.87,1.85,0.85,0.11
57.55,16.89,7.48,0.09,2.33,3.34,2.48,1.76,0.95,0.11
59.99,16.28,6.04,0.08,2.22,2.79,2.76,1.96,0.93,0.12
56.82,15.49,7.91,0.1,2.23,3.74,3.25,1.98,1.03,0.1
59.14,15.58,6.08,0.08,1.82,2.94,3.65,2.39,0.89,0.1
56.22,16.33,8.1,0.1,2.66,2.55,2.56,2.6,0.91,0.11
56.93,14.24,9.37,0.14,4.4,2.54,3.02,1.92,1,0.1
52.49,14.44,12.19,0.15,4.45,3.1,2.52,1.88,1.11,0.11
66.01,15.85,4.74,0.07,1.72,1.3,3.39,2.82,0.55,0.07
60.68,15.68,7.49,0.1,2.65,2.24,3.02,2,0.99,0.1
60.04,16.18,7.49,0.09,2.01,2.73,2.81,2.18,0.88,0.09
57.75,16.36,7.82,0.1,2.67,2.91,2.8,2.38,0.87,0.09
55.38,15.98,8.27,0.12,2.63,4.1,2.47,2.28,0.96,0.12
58.8,13.59,5.15,0.06,2.19,5.99,2.39,1.66,0.75,0.16
57.99,15.34,8.75,0.1,2.55,3.72,2.16,1.46,1.11,0.09
62.06,16.38,5.36,0.07,1.91,2.56,2.59,2.23,0.71,0.09
59.17,15.1,6.76,0.09,2.13,3.16,3.08,2.03,0.89,0.09
59.96,16.29,5.92,0.1,1.91,2.59,3.6,2.43,0.82,0.08
51.59,13.37,9,0.19,6.72,1.96,2.59,2.88,0.98,0.14
48.72,13.29,11.17,0.16,8.82,1.49,3.1,2.45,1.11,0.11
55.27,14.04,10.7,0.14,3.82,3.34,3.14,1.59,1.33,0.14
61.19,15.5,4.71,0.07,1.88,3.9,4.46,1.94,0.71,0.07
63.17,16.58,5.55,0.08,1.79,2.66,3.97,1.32,0.95,0.06
56.79,15.34,9.25,0.12,3.1,3.21,2.49,1.61,1.23,0.12
58.49,17.03,7.74,0.09,2.72,2.34,2.96,2.02,0.98,0.1
61.11,16.75,7.64,0.09,2.33,1.87,2.4,2.19,0.83,0.07
59.52,13.91,8.77,0.1,2.59,3.79,2.23,1.57,1.26,0.15
58.9,13.95,7.02,0.09,2.67,3.47,2.39,2.1,0.89,0.12
60.98,15.95,5.9,0.08,2.09,2.28,3.14,2.34,0.82,0.08
57.77,15.22,7.33,0.1,3.4,1.93,2.86,2.22,0.86,0.1
49.91,14.08,11.05,0.14,7.12,1.91,2.9,1.99,1.19,0.11
57.97,15.51,6.84,0.11,2.82,1.68,2.68,3.04,0.77,0.09
63.09,17.02,5.95,0.08,2.21,1.39,4.4,1.76,0.7,0.07
64.1,15.24,4.54,0.06,1.8,2.23,4.8,1.38,0.67,0.08
57.35,16.01,5.7,0.08,1.98,5.31,4.83,0.79,1.06,0.14
55.69,16.7,9.06,0.11,2.85,3.88,3.31,1.22,1.35,0.18
60.14,17.05,7.07,0.1,2.25,2.89,3.43,1.32,1.04,0.07
52.29,14.7,9.26,0.14,2.99,3.65,2.53,1.8,1.09,0.11
55.11,18.72,9.56,0.1,2.16,0.83,1.01,2.9,1.48,0.07
61.02,14.72,10.02,0.1,2.01,0.85,1.24,1.8,2.01,0.07
60.64,13.39,8.36,0.16,2.89,1.86,0.96,1.24,1.09,0.1
60.49,13.52,7.08,0.12,2.65,2.33,0.91,2.03,1.19,0.17
65.88,12.98,5.87,0.11,1.67,1.37,0.52,1.98,0.95,0.09
65.86,12.13,5.73,0.07,2.1,1.7,0.97,1.92,0.99,0.11
53.92,14.82,9.39,0.11,2.71,3.99,1.4,1,1.06,0.08
57.79,16.43,7.75,0.1,1.98,3.16,1.77,1.64,1.01,0.08
57.12,15.2,8.87,0.1,2.59,3.25,1.86,0.9,0.94,0.08
56.95,14.96,7.67,0.1,3.01,2.7,1.95,1.31,0.97,0.06
61.25,14.08,6.9,0.11,2.26,2.82,1.9,2.02,0.95,0.07
59.4,14.19,6.71,0.14,2.16,3.72,2.24,2.01,0.94,0.09
62.95,13.98,5.32,0.08,1.71,2.78,2.4,2.55,0.81,0.1
57.73,14.46,9.41,0.17,3.19,1.76,1.08,1.59,1.43,0.11
59.98,14.48,8.24,0.11,2.52,1.71,1.04,2,1.08,0.09
57.54,13.07,6.13,0.11,3.53,4.95,0.78,1.77,0.78,0.11
67.38,12.55,5.39,0.07,1.77,0.92,0.45,2.34,0.78,0.09
68,11.62,5.12,0.08,1.66,1.93,0.5,1.85,0.94,0.08
61.83,13.85,6.65,0.09,3.02,2.23,1.32,1.69,1.1,0.09
59.94,14.79,7.04,0.1,2.25,2.23,1.36,1.72,1.09,0.11
58.16,14.84,5.96,0.09,1.87,3.5,1.61,1.81,0.83,0.12
58.83,14.88,6.72,0.09,2.17,2.99,1.84,1.63,0.91,0.11
60.44,15.23,7.21,0.12,2.04,2.53,1.17,1.9,0.98,0.07
61.85,14.65,5.55,0.1,1.55,2.29,2.12,2.51,0.82,0.1
62.66,14.34,5.7,0.1,1.6,2.93,2.63,2.26,1.03,0.07
58.75,15.23,6.68,0.1,1.66,2.77,1.9,1.81,0.81,0.08
57.07,15.39,8.94,0.13,2.51,1.94,1.13,1.74,1.03,0.14
62.03,13.62,6.71,0.09,2.89,2.09,0.89,1.76,0.84,0.1
61.19,13.17,7.66,0.11,3.4,1.53,1.01,2.21,0.76,0.1
55.55,12.24,5.48,0.09,2.24,4.51,0.77,2.23,0.84,0.16
60.64,14.69,6.45,0.1,1.71,2.51,1.32,2.07,0.9,0.09
58.07,12.92,6.29,0.09,2.68,4.58,1.33,1.52,1.21,0.16
64.57,14.72,5.07,0.08,1.43,1.67,2.45,2.2,0.85,0.08
61.8,14.87,6.13,0.08,1.65,2.36,2.3,1.71,0.99,0.09
59.24,15.32,6.02,0.11,1.63,2.43,1.68,1.99,0.77,0.08
61.42,14.04,5.69,0.1,1.48,2.29,2.05,2.68,0.84,0.17
62.46,13.96,4.75,0.09,1.63,2.26,2.38,2.42,0.75,0.13
59.84,15.4,5.69,0.08,1.77,2.49,2.47,2.26,0.81,0.08
56.33,15.46,7.31,0.12,2.13,2.69,1.67,2.13,0.92,0.09
61.19,13.2,6.35,0.08,2.38,1.12,0.77,2.26,0.86,0.13
62.07,13.31,6.52,0.12,2.46,1.37,0.86,2.13,0.85,0.12
61.2,12.14,6.12,0.12,2.63,2.03,0.9,1.99,0.82,0.12
57.75,14.56,7.64,0.09,2.84,2.66,1.2,2.01,0.8,0.1
63.47,12.56,8.08,0.09,4.14,0.83,1.41,1.25,1.4,0.08
63.86,13.62,6.4,0.09,2.06,2.43,1.95,1.8,0.91,0.09
66.12,14.58,5.35,0.08,1.6,1.74,1.77,1.48,0.79,0.06
61.31,15.05,6.29,0.09,1.64,2.4,2.01,1.53,0.91,0.09
64.59,14.59,4.78,0.08,1.53,1.98,1.62,2.01,0.75,0.08
65.04,13.61,4.75,0.08,1.49,2.28,1.54,2.13,0.79,0.14
64.05,14.03,4.67,0.08,1.75,2.27,1.82,2.23,0.82,0.09
60.73,15.75,6.43,0.08,2.1,1.73,1.57,1.84,0.92,0.07
59.24,15.85,5.52,0.07,2.18,1.97,1.95,1.78,0.81,0.1
60.1,13.34,8.28,0.13,3.06,1.25,1.23,1.64,1.06,0.18
58.39,14.23,8.1,0.15,3.4,2.13,1.15,1.84,0.99,0.1
56.01,14.71,9.14,0.13,4.08,2.78,0.99,1.78,0.71,0.12
54.46,14.29,9.55,0.13,4.88,2.58,1.37,1.65,1.09,0.09
56.63,14.23,7.69,0.11,3.79,2.86,2.01,1.88,0.97,0.13
62.26,13.7,6.81,0.09,2.89,2.79,1.67,1.61,0.96,0.11
60.45,14.78,6.8,0.09,1.93,3.19,1.78,1.44,0.96,0.08
59.56,15.39,6.79,0.09,1.91,2.89,1.53,1.56,0.87,0.08
59.9,16.6,6.5,0.1,1.51,2.54,1.55,1.57,0.88,0.06
58,15.03,6.38,0.1,1.81,2.44,1.73,2,0.92,0.14
60.05,14.27,6.19,0.09,1.97,4.34,1.04,1.82,1.14,0.11
60.57,14.7,5.99,0.09,2.33,2.1,1.37,1.79,0.99,0.09
60.06,14.98,5.82,0.09,2.19,2.45,1.5,2.2,0.92,0.16
59.44,14.88,10.54,0.19,3.01,0.83,1,2,1.02,0.1
64.16,13.49,8.68,0.14,3.26,1.23,0.68,1.74,1.01,0.1
56.94,12.54,8.71,0.1,6.49,3.19,0.95,1.38,1,0.11
55.12,12.24,8.58,0.11,4.33,6.21,1.57,1.38,1.08,0.08
59.09,14.95,6.72,0.1,2.18,4.04,1.87,1.81,0.94,0.11
66.22,12.24,5.18,0.08,1.84,3.69,2.48,1.4,0.94,0.13
60.28,13.1,6.78,0.1,1.99,3.54,1.76,1.51,0.79,0.12
58.82,14.55,7.11,0.1,1.92,2.67,1.38,1.37,0.9,0.11
61.79,14.92,5.92,0.09,1.66,2.33,1.55,1.65,0.73,0.08
62.21,15.19,5.02,0.09,1.57,2.24,2.1,2.39,0.81,0.08
59.43,16.81,5.11,0.09,1.84,2.26,2.54,2.4,0.89,0.09
60.72,14.29,6.95,0.1,2.41,3.35,1.32,1.6,1.14,0.09
57.86,15.9,7.39,0.1,2.3,2.49,0.98,1.83,1.25,0.11
58.54,11.98,7.27,0.11,4.85,3.03,1.77,1.37,1.03,0.12
57.52,13.16,9.31,0.14,4.66,1.76,1.95,1.72,1.22,0.11
56.97,13.8,7.09,0.1,2.07,1.87,1.61,2.47,1.02,0.13
57.38,15.5,7.17,0.09,2.62,2.13,2.9,1.97,0.86,0.11
59.86,14.25,6,0.09,2.28,3.62,2.81,1.5,0.97,0.09
58.8,15.39,6.53,0.09,2.29,3.4,2.55,1.44,0.93,0.09
58.57,15.05,6.6,0.1,2.06,4.09,2.63,1.66,0.98,0.08
60.71,14.45,6.15,0.09,2.28,3.19,3.25,1.33,0.87,0.1
60.2,15.04,5.02,0.07,1.58,3.26,2.9,1.91,0.78,0.08
60.14,14.11,6.3,0.09,1.57,2.65,1.22,1.84,0.88,0.08
57.3,15.21,6.34,0.11,1.72,2.07,2.91,2.03,0.94,0.09
59.09,14.76,5.28,0.11,2.05,2.74,2.38,1.94,0.85,0.09
56.08,14.75,8.54,0.11,2.42,2.5,1.08,1.66,1.66,0.1
54.83,13.85,10.88,0.14,3.25,2.84,2.6,1.65,1.24,0.2
51.54,12.9,11.31,0.17,4.08,3.51,1.62,1.63,1.11,0.14
56.55,14.66,7.92,0.11,3.01,2.76,2.59,2.07,0.8,0.17
55.51,15.16,9.24,0.13,3.05,4.48,2.29,1.89,0.96,0.2
60.1,14.46,6.41,0.09,2.64,4.44,3.13,1.73,0.84,0.11
58.04,14.94,6.74,0.1,2.56,3.22,2.44,2.06,0.88,0.1
57.53,15.65,7.11,0.09,2.41,2.37,3.77,0.98,0.93,0.07
61.32,16,5.64,0.15,1.49,1.7,4.05,1.09,0.77,0.07
61.73,15.85,5.77,0.07,1.76,1.94,3.57,1.51,0.8,0.08
57.22,15.94,7.33,0.09,2.18,3.08,2.17,1.72,0.97,0.09
55.08,16.53,5.63,0.08,3.32,2.25,2.07,2.13,0.77,0.1
60.76,15.53,4.99,0.08,1.73,2.6,1.68,2.25,0.77,0.1
63.66,14.42,5.07,0.09,1.67,2.38,1.4,2.37,0.83,0.09
53.82,15.09,8.38,0.13,2.87,2.46,2.38,2.45,0.87,0.13
56.62,14.42,7.13,0.11,3.05,2.27,2.49,2.44,0.85,0.22
53.43,15.12,8.85,0.11,3.37,2.98,2.57,2,0.98,0.16
54.44,14.62,8.43,0.1,3.01,3.55,2.03,2.26,0.99,0.15
50.73,15.63,8.16,0.11,2.81,2.81,1.93,2.44,0.95,0.1
60.66,14.94,5.35,0.07,1.87,2.58,2.66,2.99,0.81,0.11
60.83,14.89,6.11,0.08,2.15,2.66,2.25,2.56,0.96,0.06
56.05,14.05,7.72,0.1,3.19,2.55,1.78,2.55,0.9,0.11
60.37,15.81,5.44,0.08,1.85,2.85,3.76,1.67,0.82,0.09
57.02,15.01,6.73,0.09,2.25,3.37,3.04,1.83,0.96,0.12
64.88,15.84,3.1,0.06,0.96,1.27,4.09,2.42,0.57,0.06
59.94,15.26,5.49,0.07,2.31,1.35,2.54,1.3,0.99,0.08
60.48,15.85,4.63,0.06,2.03,1.3,2.35,2.61,0.65,0.06
52.9,16.85,7.54,0.15,2.22,1.83,2.29,2.95,0.86,0.11
53.05,14.78,8.93,0.09,3.59,3.18,2.55,1.38,1.18,0.17
51.78,16,8.21,0.11,2.15,2.38,1.68,2.52,0.92,0.1
52.57,15.52,9.14,0.1,3.31,3.26,2.74,1.69,1.05,0.17
54.38,15.59,6.78,0.09,2.09,2.7,2.02,2.18,0.93,0.08
54.52,16.06,7.02,0.08,2.12,2.6,2.13,2.1,0.96,0.08
55.75,16.07,5.21,0.07,1.3,1.98,2.4,2.88,0.72,0.11
58.35,16.29,6.02,0.1,1.58,2.58,2.71,2.1,0.75,0.08
57.08,16.25,6.78,0.1,1.71,2.98,2.28,1.98,0.86,0.08
57.55,16.24,8.06,0.11,1.82,2.3,2.33,2.16,0.86,0.1
56.71,16.54,4.45,0.07,1.83,1.81,3.73,2.43,0.82,0.11
63.94,15.62,4,0.06,1.46,1.04,3.22,2.02,0.63,0.08
60.67,15.93,6.14,0.07,1.64,1.71,2.2,2.06,0.9,0.1
54.34,17.32,8.16,0.12,2.21,2.09,1.81,3.18,0.88,0.1
59.81,14.98,5.56,0.08,1.96,2.98,2.05,2.36,0.95,0.1
59.91,15.31,5.97,0.08,2.16,2.74,1.93,2.5,0.95,0.07
54.72,15.48,8.45,0.1,3.27,3.18,2.26,1.46,1.03,0.1
63.01,15.26,5.07,0.08,1.43,2.55,2.21,2.76,0.81,0.06
56.41,16.17,7.82,0.1,2.19,2.98,1.71,1.97,1.08,0.11
57.6,15.87,7.41,0.09,2.29,2.8,1.9,2.34,0.99,0.11
57.91,15.98,7.65,0.1,2.14,2.98,1.8,1.88,1.02,0.06
57.5,15.47,7.91,0.1,2.53,3.12,1.66,1.96,1.01,0.08
62.17,15.92,5.68,0.09,1.85,1.86,2.14,2.23,0.78,0.09
61.38,15.29,5.88,0.08,2.09,2.23,2.49,2.13,1.04,0.11
58.06,15.51,5.49,0.07,2.59,1.53,3.19,2.27,0.71,0.1
60.76,15.37,7.22,0.12,2.38,1.99,1.69,1.98,1.08,0.1
56.6,16.15,8.04,0.12,2.31,2.91,1.98,2.41,0.89,0.08
60.19,15.44,5.57,0.08,1.54,2.63,2.1,2.7,0.94,0.08
57.84,15.37,5.64,0.08,1.86,3.26,2.05,2.59,0.87,0.1
58.81,15.35,6.67,0.08,2.14,2.46,1.82,2.63,0.82,0.14
57.22,16.35,6.34,0.08,2.36,3.22,1.97,2.52,0.86,0.09
56.92,14.53,7.87,0.1,2.57,2.94,1.59,2.37,1.13,0.09
58.5,15.13,6.54,0.08,2.18,2.67,1.75,2.6,0.89,0.09
59.04,16.16,6.84,0.09,2.16,2.24,1.67,2.84,0.93,0.09
55.61,15.18,8.03,0.1,2.68,3.02,1.46,2.18,0.96,0.1
58.93,15.17,6.26,0.1,2.07,2.52,1.87,1.88,0.88,0.11
57.77,15.15,6.2,0.09,2.29,2.54,2.24,1.95,0.93,0.1
60.44,16.09,6.41,0.08,2.64,1.09,1.87,2.46,0.79,0.08
60.91,14.76,6.33,0.09,2.39,1.18,1.62,2.38,0.88,0.1
53.72,16.02,8.72,0.11,2.78,2.91,1.34,2.16,1.11,0.12
54.95,15.15,8.35,0.1,3.31,2.7,1.66,2.34,0.99,0.11
57.34,15.9,7.1,0.09,2.41,2.32,2.25,1.87,0.89,0.11
60.45,15.83,5.57,0.08,2.15,1.22,3.15,1.22,0.88,0.1
54,15.2,8.42,0.11,2.45,4,1.53,1.52,1.1,0.18
55.33,15.23,9.22,0.11,2.87,2.89,1.26,1.93,1.19,0.12
54.47,15.29,8.31,0.1,2.96,3.18,1.73,1.96,1.2,0.15
56.12,16.01,7.84,0.1,2.65,3.19,1.87,1.71,1.24,0.09
57.65,15.25,5.79,0.09,1.76,2.41,1.95,2.84,0.78,0.11
57.14,15.61,5.78,0.08,1.77,3.04,2.14,2.64,0.73,0.11
59.67,14.45,5.94,0.08,1.66,3.01,2.4,2.33,0.95,0.09
61.33,14.99,7.02,0.1,2.01,1.6,1.5,2.12,0.94,0.1
59.74,15.55,5.15,0.08,1.23,2.18,2.13,2.72,0.86,0.11
53.38,14.65,8.98,0.11,3.66,2.65,1.67,2.25,1.02,0.13
53.55,15.29,9.04,0.11,3.77,2.77,1.82,2.11,1.18,0.11
50.07,14.44,8.66,0.11,3.53,2.37,1.53,2.4,0.87,0.14
53.22,15.08,8.82,0.13,3.95,2.3,1.78,2.52,1.01,0.13
55.66,16.06,8.7,0.11,2.43,2.97,1.39,1.46,1.17,0.09
54.1,16,9.53,0.11,2.85,2.89,1.53,1.59,1.38,0.11
54.52,15.33,8.99,0.1,2.58,3.08,1.59,1.69,1.11,0.15
54.98,15.78,8.28,0.1,2.64,3.07,1.59,1.81,1.17,0.11
59.83,14.5,5.53,0.09,1.73,2.3,2.27,2.06,0.87,0.09
56.29,13.64,6.12,0.08,1.87,2.98,1.73,2.29,0.78,0.12
58.27,13.73,5.51,0.09,1.74,2.88,1.58,2.4,0.85,0.1
58.69,15.59,6.21,0.09,2.47,1.15,2.05,2.34,0.88,0.11
54.06,13.82,10.31,0.13,3.08,1.68,1.42,1.99,1.16,0.11
59.04,17.76,5.88,0.09,1.24,0.52,0.61,3.33,0.63,0.1
61.9,16.29,5.03,0.09,1.55,1.09,0.79,2.80,0.9,0.08
62.88,15.6,5.14,0.13,1.52,1.1,0.7,2.70,1.09,0.14
66.57,14.34,4.23,0.1,1.3,0.72,0.58,2.35,0.86,0.11
58.76,16.58,5.7,0.08,2.41,1.16,0.69,3.63,1.02,0.2
59.89,17.2,5.83,0.08,2.04,0.67,0.75,3.57,1.04,0.18
60.88,16.86,5.34,0.06,2.31,0.88,0.53,3.55,0.95,0.1
57.89,17.63,5.03,0.08,2.46,1.6,0.77,4.17,0.85,0.18
54.63,17.76,4.53,0.06,1.91,4.27,0.71,3.91,0.83,0.2
58.81,16.75,5.16,0.05,2.49,1.2,0.46,3.83,0.88,0.11
61.02,17.48,4.41,0.04,1.29,0.68,0.73,4.35,0.79,0.19
57.58,19.65,4.58,0.04,1.7,1.05,1.08,4.26,0.83,0.14
55.29,18.94,4.97,0.04,1.81,2.16,0.98,4.16,0.88,0.34
64.18,17.62,5.95,0.08,1.91,0.81,0.76,3.54,0.87,0.12
62.38,18.35,6.53,0.09,2.03,0.61,0.78,3.71,0.9,0.1
65.81,17.47,5.53,0.09,1.47,0.85,0.68,3.20,0.98,0.12
67.03,14.31,5.28,0.17,3.44,0.58,0.54,2.50,0.78,0.1
65.73,15.37,5.22,0.08,2.36,0.81,0.69,3.40,0.92,0.13
64.12,16.05,5.08,0.07,2.07,1.22,0.64,3.60,1.02,0.13
55.56,19.95,5.75,0.06,1.79,0.74,0.71,4.39,0.87,0.14
67.93,14.27,3.25,0.05,1.21,2.56,0.56,3.55,0.85,0.16
63.56,18.41,4.73,0.04,1.34,0.7,0.83,4.11,0.75,0.14
65.16,17.68,4.69,0.05,1.62,0.62,1.05,4.03,0.91,0.12
67.35,16.15,3.53,0.05,1.52,0.53,1.07,4.54,0.68,0.09
64.14,18.03,4.63,0.04,1.38,0.38,1.13,4.43,1.25,0.12
60.46,19.13,5.46,0.05,1.73,0.7,1.24,4.76,0.96,0.14
49.02,8.44,12.92,0.22,16.08,0.83,0.22,1.09,0.45,0.1
69.2,11.28,5.6,0.12,4.96,0.45,0.37,2.06,0.98,0.08
60.28,12.04,7.08,0.11,8.75,0.78,0.45,2.12,0.88,0.09
70.06,14.84,4.91,0.07,1.35,0.57,0.73,2.73,1.22,0.11
61.84,15.89,4.94,0.11,1.7,1.27,0.77,2.82,0.95,0.12
60.02,16.39,4.89,0.07,2.14,1.1,0.86,3.48,0.82,0.1
69.64,15.27,3.13,0.05,1.13,0.59,0.68,4.69,0.61,0.09
65.26,17.5,4.56,0.04,1.39,0.5,0.93,4.06,0.82,0.14
70.75,14.94,3.87,0.04,1.45,0.45,0.7,3.11,0.68,0.12
68.15,15.66,3.63,0.04,1.47,0.61,0.85,4.54,0.65,0.13
61.22,19.85,5.22,0.05,1.57,0.8,1.03,4.80,0.71,0.14
64.4,17.46,4.64,0.04,1.59,1.09,0.97,4.11,0.81,0.19
60.08,18.89,5.48,0.05,2,1.27,1.16,4.63,0.85,0.24
58.17,7.36,7.83,0.08,13.65,0.85,0.29,0.87,0.61,0.14
56.61,9.38,7.98,0.12,13.19,0.52,0.34,1.38,0.73,0.11
61.17,15,5.08,0.13,2.45,0.94,0.73,2.74,0.87,0.13
61.52,15.55,5.13,0.13,2.12,0.9,0.74,2.76,0.91,0.12
62.62,13.89,4.44,0.08,2.75,1.73,0.62,2.57,0.88,0.12
59.27,17.62,4.27,0.06,1.57,0.91,2.25,3.97,0.74,0.16
58.19,16.83,5.06,0.08,1.8,1.43,1.99,3.63,0.88,0.2
58.53,16.64,5.35,0.07,1.76,1.4,2.02,3.57,0.96,0.23
58.54,17.28,4.72,0.05,1.91,1.57,1.72,3.86,0.82,0.22
55.86,18.68,5.98,0.07,1.89,1.01,1.39,3.88,0.82,0.16
55.92,19.94,5.4,0.04,1.42,0.61,1.05,4.17,0.7,0.14
61.17,18.21,3.51,0.03,1.34,1.1,1.27,3.80,0.64,0.15
59.45,18.6,4.7,0.07,1.36,0.85,1.1,3.64,0.81,0.14
62.57,10.73,5.43,0.19,7,0.53,0.36,1.58,0.67,0.15
62.7,10.38,5.45,0.19,6.93,0.5,0.34,1.52,0.67,0.14
58.83,17.78,5.83,0.08,1.47,0.62,1.1,3.18,0.88,0.1
58.66,13.89,4.32,0.07,3.11,5.01,0.4,2.50,0.82,0.08
52.14,13.59,4.28,0.07,3.24,8.96,0.38,2.37,0.8,0.07
65.99,13.04,4.53,0.06,2.33,0.89,0.39,2.14,0.95,0.08
57.67,16.8,5.41,0.06,1.98,1.47,1.61,3.88,0.87,0.13
58.21,17.05,5.35,0.06,1.94,1.4,1.77,3.81,0.9,0.14
60.03,15.6,4.47,0.07,1.63,1.81,1.77,3.52,0.99,0.16
60.92,14.86,3.9,0.06,1.39,1.52,1.64,3.48,0.95,0.14
52.85,17.77,6.36,0.1,2.14,2.52,1.43,3.57,1.34,0.46
50.56,17.18,7.44,0.1,3.26,3.08,1.09,3.26,1.27,0.36
60.85,17.3,4.25,0.05,1.37,0.89,1.25,3.82,0.76,0.13
65.96,16.23,5.48,0.07,1.7,1.63,0.64,3.03,0.99,0.26
71.35,12.89,4.64,0.7,2.21,0.89,0.73,2.04,0.93,0.23
67.13,13.77,4.55,0.1,1.82,0.72,0.56,2.17,1.12,0.09
62.71,15.54,5.16,0.1,1.88,0.78,0.58,2.60,1.13,0.12
63.09,12.81,4.29,0.08,2.64,1.83,0.49,2.22,0.99,0.12
56.71,15.48,5.38,0.09,3.18,2.12,0.43,2.66,1,0.12
61.54,15.43,4.4,0.07,1.91,0.81,0.99,3.19,0.87,0.07
55.44,15.51,6.41,0.09,3.06,2.91,1.24,2.36,1.17,0.31
54.79,16.48,5.79,0.09,2.58,3.42,1.96,3.59,1.2,0.49
52.88,16.47,5.89,0.09,2.73,2.95,1.79,3.68,1.16,0.43
58.31,18.18,4.26,0.08,1.63,1.42,1.23,4.66,0.64,0.18
58.12,17.03,4.73,0.06,2.35,1.75,1.55,4.19,0.79,0.16
56.11,17.71,4.56,0.06,2.33,1.99,1.6,4.38,0.78,0.14
62.14,15.41,5.2,0.12,2.53,1.28,0.63,2.55,0.87,0.09
63.57,16.01,4.51,0.1,1.65,0.68,0.63,2.88,0.9,0.09
60.06,17.98,5.56,0.08,1.31,0.65,0.71,3.14,1.11,0.1
58.17,18.22,5.62,0.08,1.3,1.46,0.61,3.04,1.11,0.15
60.78,14.99,5.04,0.07,3.28,1.75,0.55,2.91,0.92,0.15
58.33,16.97,4.91,0.06,1.67,2.61,0.65,3.32,0.88,0.11
60.66,17.04,3.61,0.06,1.35,1.19,1.74,3.91,0.62,0.1
55.96,15.45,5.73,0.08,2.52,3.02,1.8,2.67,1.22,0.41
55.49,15.58,6.43,0.09,3.07,2.91,1.32,2.39,1.19,0.29
59.46,17.23,3.57,0.07,1.2,1.16,1.91,3.92,0.6,0.1
55.86,15.58,4.82,0.06,2.7,5,1.21,2.85,0.87,0.19
59.33,15.88,4.71,0.07,2.41,1.59,1.3,2.91,0.95,0.15
58.85,15.68,5.02,0.06,2.43,1.82,1,3.86,0.9,0.45
65.9,14.33,4.29,0.07,1.56,1.48,1.04,2.28,1.42,0.07
62.86,15.03,4.89,0.09,2.3,1.32,0.73,2.54,1.14,0.09
60.09,17.93,5.53,0.08,1.24,0.6,0.73,3.00,1.23,0.1
62.61,16.59,5.34,0.07,1.18,0.8,0.59,2.70,1.27,0.12
61.71,14.18,4.84,0.08,3.22,1.74,0.58,2.71,0.9,0.14
58.18,17.28,5.01,0.06,1.8,1.53,1.07,3.42,0.91,0.14
59.12,16.46,3.94,0.07,2.08,2.47,1.87,3.92,0.64,0.17
55.68,15.02,5.95,0.07,3.2,3.21,2.22,3.01,1.03,0.13
55.96,18.24,4.87,0.07,2.06,1.44,1.7,4.22,0.91,0.09
53.85,19.19,5.4,0.06,2.38,1.89,1.24,4.65,0.92,0.19
56.84,16.92,5.31,0.07,2.3,2.08,1.42,3.97,0.94,0.24
56.98,17.39,5.34,0.09,1.82,2.18,1.6,4.23,0.84,0.18
56.25,16.8,5.32,0.08,2.09,2.31,1.16,4.35,1.01,0.19
63.05,15.49,4.9,0.09,1.87,0.95,0.78,2.64,1.02,0.08
61.31,16.28,5.52,0.1,2.04,0.74,0.63,2.90,1.05,0.09
61.47,16.42,5.48,0.1,1.41,0.89,0.9,2.79,1.08,0.11
61.45,16.5,5.22,0.11,1.39,1.47,0.94,2.69,1.08,0.1
55.44,18.25,5.65,0.1,2.11,2.12,0.97,3.82,0.95,0.18
61.19,16.28,3.97,0.07,1.88,1.37,1.54,3.97,0.68,0.13
63.66,14.29,4.47,0.07,2.93,1.19,1.29,2.71,0.67,0.09
58.22,15.25,4.8,0.07,2.67,2.39,1.99,3.27,0.82,0.23
59.01,15.15,4.53,0.07,2.51,2.52,2.2,3.34,0.89,0.21
60.3,14.99,5.76,0.08,2.35,2.03,1.6,3.11,0.96,0.15
59.24,16.31,5.17,0.08,2.04,1.79,1.94,3.63,0.78,0.12
56.14,18.1,4.45,0.07,1.79,1.64,1.24,5.08,0.81,0.23
63.38,14.17,3.37,0.06,1.84,2.43,1.09,3.99,0.69,0.22
59.12,15.97,6.29,0.11,3.13,0.94,0.61,2.88,1.05,0.16
61.43,15.36,5.46,0.1,3.24,0.92,0.61,2.49,1.07,0.14
62.96,16.61,5.27,0.09,1.86,0.7,0.65,2.51,1.18,0.1
59.11,16.38,4.87,0.12,2.25,2.17,0.83,3.21,1.01,0.21
60.92,16.37,4.93,0.12,2.11,1.44,0.85,3.36,1.03,0.17
53.93,18.56,5.22,0.08,2.32,2.39,0.97,4.29,0.86,0.16
54.79,16.4,4.33,0.06,2.18,5.21,1.25,4.15,0.59,0.28
59.59,16.04,4.78,0.08,2.59,1.2,1.35,3.09,0.99,0.12
53.46,19.51,5.58,0.09,2.44,2.58,1.17,4.06,0.88,0.19
55.84,17.05,5.41,0.11,2.7,2.31,1.63,4.09,0.83,0.13
58.11,15.72,4.9,0.08,2.27,2.26,1.84,3.74,0.76,0.26
57.49,16.36,5.6,0.09,2.25,2.09,1.52,3.89,0.9,0.2
62.98,17.11,3.78,0.04,1.2,0.74,0.98,4.84,0.73,0.1
77.25,12.1,3.5,0.11,1.18,0.53,0.45,1.75,0.57,0.07
75.66,12.72,3.7,0.14,1.21,0.53,0.41,2.00,0.57,0.08
62.49,15.53,5.04,0.08,2.27,1.1,0.71,2.62,1.04,0.14
60.38,16.08,5.26,0.11,1.86,1.86,0.7,2.75,1.12,0.13
57.86,13.44,5.18,0.09,2.93,4.2,0.55,2.06,1.06,0.21
52.92,16.93,5.8,0.09,3.13,3.65,0.87,3.88,0.77,0.18
54.93,16.71,4.78,0.08,2.47,4.22,2.04,3.56,0.73,0.21
59.92,15.02,4.86,0.07,2.2,2.61,1.27,2.75,1.09,0.11
61.03,15.46,4.06,0.06,1.42,2.45,0.74,3.89,0.93,0.12
59.13,15.77,4.27,0.06,2.03,2.53,1.2,3.49,0.97,0.16
62.75,15.1,4.87,0.08,1.96,1.11,1.26,2.73,1.14,0.09
68.42,13.72,3.9,0.13,1.37,0.68,0.58,2.31,0.5,0.11
62.93,13.96,4.2,0.06,2.11,1.98,1.64,2.85,0.79,0.11
78.43,10.49,2.96,0.1,1.06,0.47,0.36,1.55,0.47,0.08
77.13,11.13,3.22,0.12,1.15,0.56,0.38,1.71,0.5,0.08
62.12,14.87,5.11,0.08,2.06,1.78,0.55,2.34,1.13,0.1
61.52,14.65,4.9,0.07,2.73,2.35,0.52,2.21,1.14,0.12
55.04,15.8,5.37,0.08,2.78,4.06,1.6,3.03,0.92,0.15
59.69,16.33,5.13,0.07,2.23,1.33,1.21,3.95,0.86,0.07
60.65,14.98,4.84,0.09,2.44,2.09,0.95,2.85,0.98,0.13
61.96,15.18,5.25,0.08,1.85,1.04,0.61,2.47,1.21,0.09
59.78,14.94,4,0.05,1.28,3.4,0.58,3.78,0.84,0.18
63.74,15.06,3.31,0.04,1.18,2.45,0.6,3.46,0.87,0.13
58.35,18.93,4.47,0.04,1.4,2.04,0.93,3.77,0.91,0.13
59.51,18.65,4.68,0.03,1.45,1.34,1.05,3.71,1.01,0.15
57.39,19.62,4.33,0.03,1.53,1.43,1.12,4.10,0.89,0.14
74.49,11.25,3.52,0.14,1.38,1.83,0.33,1.73,0.56,0.13
64.55,14.49,4.39,0.11,1.93,1.32,0.6,2.25,0.73,0.29
59.67,14.82,5.19,0.07,2.71,2.67,0.68,2.42,1.05,0.15
59.09,15.09,5.39,0.07,2.84,2.17,0.76,2.58,0.92,0.14
63.35,14.62,4.2,0.06,2.03,1.44,1.11,3.20,0.73,0.07
55.94,16.05,5.01,0.06,2.33,2.65,0.89,3.91,0.78,0.09
58.77,14.94,4.34,0.06,1.78,3.6,0.73,3.41,0.84,0.13
58.74,16.99,5.22,0.06,2.09,0.8,0.91,3.86,1,0.12
63.06,16.56,4.23,0.04,1.43,1.34,0.84,3.47,1.02,0.1
64.43,16.04,4.56,0.05,1.26,0.54,0.63,2.99,1,0.09
66.62,14.26,3.45,0.07,1.33,1.82,0.69,2.74,0.65,0.13
43.32,15.04,6.23,0.05,3.22,11.35,0.96,2.18,0.98,0.16
54.12,17.04,10.03,0.09,4.35,3.69,0.79,2.26,1.21,0.15
64.03,15.56,5.34,0.41,2.09,2.96,0.7,2.77,0.91,0.16
55.71,13.54,4.68,0.06,3.88,5.57,1.06,1.87,0.81,0.14
60.37,14.75,5.13,0.07,2.67,2.27,0.91,2.53,0.98,0.17
47.52,14.64,7.2,0.08,4.46,6.64,0.74,2.34,1.09,0.16
59.17,16.06,4.8,0.07,2.82,2.2,0.88,3.08,0.85,0.1
60.08,14.75,4.28,0.06,2.27,3.37,0.72,3.00,0.75,0.11
56.74,13.65,3.39,0.06,1.41,7.57,0.51,2.64,0.67,0.16
72.26,11.52,3.7,0.04,1.04,2.59,0.56,2.52,0.59,0.13
68.87,13.96,3.66,0.04,1.82,1.11,0.96,3.10,0.83,0.16
54.61,15.88,6.99,0.07,3.91,5.39,1.46,2.89,1.09,0.21
55.63,17.53,6.9,0.06,3.29,4.13,1.38,3.71,0.92,0.11
52.92,14.45,6.93,0.07,4.77,5.3,1.09,1.44,1.08,0.13
50.68,14.8,8.03,0.09,3.69,6.71,0.82,1.35,1.29,0.25
59.4,20.05,4.86,0.04,1.74,0.53,1.36,4.86,0.86,0.13
56.42,21.09,5.63,0.05,1.84,0.53,1.24,5.27,0.99,0.11
54.24,21.14,6.64,0.08,1.9,0.63,1.12,4.58,0.95,0.1
61.41,18.54,4.9,0.04,1.88,0.9,1.27,4.13,1.39,0.12
63.03,16.59,4.46,0.03,1.89,2.29,1.18,3.74,0.59,0.15
64.61,16.91,4.92,0.03,1.49,0.52,0.96,3.63,0.9,0.15
59.23,18.53,5.87,0.05,1.83,1.16,1.01,3.68,0.93,0.14
61,15.05,6.1,0.08,2.19,3.35,1.14,2.34,1.56,0.12
63.86,16.14,3.68,0.03,1.61,3,0.97,3.49,0.66,0.14
41.43,15.93,4.41,0.05,2.59,14.06,0.65,3.12,0.79,0.13
46.42,18.61,5.22,0.06,2.31,8.49,1.2,4.9,0.95,0.1
58.66,17.53,6.27,0.15,2.26,1.3,0.84,3.94,0.84,0.19
60.43,17.2,5.98,0.06,2.52,1.25,1.16,4.24,0.95,0.11
63.93,17.76,4.21,0.03,1.63,0.47,1.22,4.12,0.65,0.12
62.39,18.91,3.97,0.05,1.81,1.06,1.57,4.12,0.8,0.14
59.62,19.69,4.65,0.05,2.01,0.63,1.24,5.04,0.83,0.13
56.21,18.34,4.26,0.05,1.82,4.91,1.26,4.29,0.77,0.1
57.7,18.22,4.5,0.04,2.12,3.51,1.16,4.29,1.01,0.11
67.3,15.56,3.83,0.03,1.61,0.78,1.12,3.49,0.67,0.09
68.64,15.02,3.35,0.04,1.55,1.18,1.8,3.01,0.66,0.11
63.63,13.86,6.26,0.09,2.03,2.71,1.01,2.23,1.55,0.14
63.17,16.53,4.69,0.04,1.94,1.85,0.89,3.32,0.8,0.11
66.19,13.36,4.36,0.05,1.83,2.46,0.72,3.17,0.78,0.08
58.08,14.13,5.78,0.1,2.08,4.7,0.91,3.36,0.82,0.11
71.07,12.37,4.22,0.07,1.6,1.08,1.09,2.81,0.94,0.07
60.97,16.26,5.78,0.06,2.41,0.83,1.05,4.87,0.87,0.07
62.14,18.42,5.3,0.03,1.41,0.35,1.13,4.11,0.85,0.13
64.03,17.17,4.15,0.04,1.59,1.26,1.29,3.82,0.89,0.14
64.27,16.51,4.37,0.04,1.58,1.38,1.35,3.73,0.7,0.12
60.7,19.25,3.93,0.04,1.33,1.44,1.65,4.66,0.64,0.13
64.43,17.65,4.05,0.05,1.5,0.55,1.38,4.16,0.73,0.1
65.5,16.94,3.92,0.03,1.65,0.55,1.37,3.91,0.74,0.09
67.5,15.47,4.45,0.04,1.69,0.64,1.05,3.26,0.71,0.08
70.39,14.25,3.39,0.03,1.45,0.74,1.15,3.24,0.46,0.11
63.64,12.4,5.23,0.07,1.91,3.84,1.07,2.38,1.01,0.19
55.7,13.86,5.77,0.09,1.99,4.42,4.34,2.22,1.58,0.07
65.86,14,5.07,0.07,1.4,1.34,1.57,3.03,1.15,0.07
64.67,15.33,3.94,0.05,1.54,0.85,3.74,3.34,0.83,0.07
59.12,17.73,5.29,0.06,2.39,0.64,1.09,5.47,0.67,0.08
64.67,16.32,4.41,0.04,1.29,0.63,1.28,4.19,0.8,0.1
64.79,16.5,4.23,0.05,1.48,0.81,1.3,3.92,1.03,0.11
68.04,14.26,4.39,0.05,1.66,0.72,1.03,3.32,1.32,0.17
65.13,15.99,4.77,0.04,1.72,0.67,1.2,3.61,0.7,0.09
61.13,16.83,4.23,0.04,1.78,0.61,1.31,4.13,0.88,0.09
63.73,16.94,4.49,0.05,1.86,0.77,1.46,4.04,0.81,0.11
60.44,16.89,3.98,0.04,1.52,3.17,1.67,3.93,0.58,0.07
62.75,16.16,4,0.04,1.75,2.85,1.17,3.55,0.52,0.1
69.06,14.18,4.15,0.04,1.56,0.58,0.96,3.35,0.5,0.08
59.38,14.12,8.33,0.1,3.02,2.88,1.8,2.21,1.22,0.1
66.04,13.6,4.88,0.06,1.63,1.32,1.33,2.99,0.88,0.1
67.53,13.75,4.97,0.06,1.65,0.88,1.48,3.93,0.82,0.06
65.17,11.41,6.57,0.09,1.64,2.81,1.46,1.96,1.65,0.11
57.89,19.15,5.24,0.04,1.44,0.69,1.93,4.34,1.16,0.2
66.34,15.61,4.53,0.04,1.3,0.56,1.36,3.45,1.26,0.17
61.43,17.55,5.36,0.04,1.32,0.33,1.36,3.81,1.85,0.13
65.89,16.24,3.79,0.03,1.4,0.57,1.48,3.77,0.62,0.09
63.4,16.53,4.01,0.04,1.62,1.53,1.7,3.74,0.63,0.1
64.44,15.61,4.28,0.05,1.93,1.03,1.47,3.63,0.71,0.23
66.72,15.29,4.32,0.05,1.91,0.73,1.3,3.4,0.52,0.1
67.05,13.55,4,0.04,1.57,0.94,1.55,2.85,0.75,0.08
65.5,15.08,4.51,0.07,1.53,0.65,1,3.45,0.74,0.12
62.91,15.9,5.61,0.06,2.27,0.96,1.31,3.79,1.1,0.1
67.7,14.24,4.51,0.05,1.49,0.67,1.52,3.78,0.68,0.06
68.35,14.26,3.6,0.04,1.32,0.93,1.74,4.44,0.53,0.05
65.67,14.44,3.96,0.05,1.04,2.13,1.04,4.85,0.69,0.08
60.64,19.51,4.18,0.04,1.19,0.52,1.8,4.88,0.87,0.15
60.37,18.62,4.94,0.04,1.31,0.57,1.44,4.03,0.78,0.11
65.27,16.07,5.33,0.04,1.19,0.34,1.04,3.27,0.81,0.11
65.35,16.38,4.09,0.04,1.52,0.58,1.56,3.77,0.73,0.11
64.8,14.39,4.15,0.04,1.4,3.42,1.26,3.11,0.78,0.2
60.51,18,5.35,0.06,1.68,0.76,1.35,3.87,0.75,0.12
69.69,13.77,4.25,0.05,1.46,0.48,1.39,2.99,0.85,0.09
67.15,14.05,3.72,0.04,1.74,1.42,1.17,3.19,0.5,0.14
63.38,11.98,4.25,0.06,1.86,4.58,0.53,2.52,0.83,0.12
67.99,14.67,4.25,0.05,1.88,1.14,1.78,3.42,0.75,0.08
68.81,14.44,3.61,0.05,1.48,0.77,1.73,3.8,0.53,0.07
60.21,15.88,4.96,0.07,2.76,1.78,3,3.83,0.67,0.13
54.72,15.52,8.39,0.11,3.67,3.36,2.37,2.42,1.58,0.58
57.71,17.68,4.34,0.06,1.25,3.43,1.53,4.49,0.82,0.1
64.49,16.44,3.94,0.03,1.21,0.77,1.27,3.88,0.58,0.23
60.83,16.8,4.02,0.04,1.49,3.01,1.32,3.77,0.97,0.17
67.91,14.61,4.13,0.04,1.42,0.52,1.07,3.05,0.98,0.11
65.06,15.87,4.95,0.04,1.5,0.43,1,3.15,0.93,0.12
60.97,18.17,5.12,0.03,1.59,1.03,1.19,3.93,0.72,0.11
66.5,14.64,4.1,0.04,1.58,0.98,1.33,3.05,0.98,0.11
68.77,12.85,3.92,0.05,1.65,1.52,0.87,2.74,0.64,0.1
68.41,12.09,4.91,0.07,1.95,1.77,1.04,2.53,0.92,0.09
56.69,16.66,7.1,0.07,3.31,1.9,1.68,2.73,1.07,0.09
58.97,15.32,6.38,0.1,2.28,3.25,1.64,3.15,1.18,0.24
58.54,16.67,5.51,0.08,2.44,2.41,2.94,2.54,1.26,0.24
55.72,17.62,6.56,0.09,2.5,1.1,1.37,3.83,0.9,0.08
71.35,12.34,2.9,0.05,0.72,0.69,0.92,4.59,0.75,0.07
63.61,16.68,4.84,0.04,1.24,0.43,0.99,3.56,1.08,0.13
65.99,16.58,3.47,0.04,1.49,0.54,1.29,3.68,0.72,0.1
66.48,15.07,4.35,0.04,1.22,0.49,0.98,3.11,1.04,0.13
67.99,13.87,3.99,0.03,1.26,0.91,0.95,2.97,0.79,0.14
66.94,15.05,3.84,0.03,1.56,0.55,1.35,3.35,0.49,0.14
62.49,14.39,3.78,0.04,1.76,3.44,2.07,2.86,0.56,0.1
63.2,14.04,4.68,0.06,1.86,3.11,0.75,2.95,0.75,0.12
56.95,14.73,7.22,0.17,3.23,3.78,1.83,1.99,1.14,0.14
54.95,16.35,7.9,0.1,2.92,3.05,2.09,2.25,1.23,0.19
55.81,17.35,7.06,0.09,2.32,2.01,1.96,2.79,0.97,0.07
58.56,17.13,6.54,0.09,2.29,1.36,1.58,3.37,1.24,0.08
54.76,19.07,7.94,0.12,2.75,1.01,1.01,4.08,0.88,0.06
68.01,14.36,3.58,0.04,1.22,0.83,1.21,3.46,0.86,0.15
64.01,15.79,4.46,0.04,1.39,1.83,1.08,3.45,0.77,0.11
67.73,13.59,4.2,0.04,1.34,0.8,1.7,2.84,1.05,0.16
63.51,16.87,4.91,0.04,1.17,0.37,0.93,3.67,1.05,0.12
66.87,15.18,4.2,0.04,1.79,0.43,1.26,3.4,0.53,0.08
68.91,13.42,3.53,0.04,1.59,0.95,1.15,3.14,0.44,0.19
62.98,13.41,3.27,0.03,1.43,5.7,0.95,2.99,0.51,0.08
57.69,15.25,7.44,0.13,2.61,2.92,1.92,1.99,1.24,0.09
54.85,16.83,8.15,0.16,2.7,3.66,2.01,2.58,1.23,0.12
68.64,12.37,4.96,0.07,2.12,1.47,1.08,2.38,0.82,0.07
59.91,16.69,5.93,0.08,2.68,1.29,2.7,2.28,1.08,0.11
51.95,16.24,7.36,0.12,2.45,5.41,1.29,2.9,1,0.19
59.97,17.79,5.5,0.07,1.72,0.9,1.31,3.92,0.79,0.07
61.45,14.96,3.13,0.05,1.34,4.89,0.82,4.13,0.7,0.1
65.74,16.61,4.62,0.04,1.11,0.33,1.19,3.34,1.29,0.14
66.09,16.38,4.37,0.03,1.11,0.46,1.22,3.34,1.2,0.13
71.57,12.16,4.37,0.04,1.38,0.38,0.69,2.47,1.3,0.14
66.79,16.07,4.55,0.03,1.7,0.45,1.13,3.59,0.48,0.08
65.69,14.05,3.76,0.03,1.62,3.07,1.16,3.04,0.64,0.1
69.06,12.47,3.65,0.04,1.59,2.92,0.79,2.67,0.59,0.12
59.92,14.28,6.67,0.12,2.87,4.66,1.03,2.68,0.99,0.18
57.09,18.33,7.19,0.11,2.35,2.15,2.18,2.25,1.4,0.1
55.56,17.06,7.19,0.13,2.79,3.27,1.97,2.57,1.33,0.3
56.66,17.73,4.6,0.07,2.05,2.43,5.47,3.03,1.07,0.19
61.89,15.95,5.66,0.26,2.17,2.4,1.74,2.8,0.71,0.08
57.36,17.77,6.92,0.07,2.22,1.88,1.52,2.65,1.18,0.07
53.42,14.51,4.38,0.04,1.46,7.99,1.08,3.21,1.2,0.17
66.4,14.54,5.1,0.09,1.46,0.9,1.11,3.51,1.2,0.08
74.93,10.27,2.49,0.05,0.68,1.43,0.81,3.94,0.69,0.08
63.68,17.38,4.8,0.04,1.43,0.75,1.13,3.7,0.94,0.14
62.58,14.43,4.26,0.03,1.62,3.97,1.18,3.24,0.56,0.1
59.17,16.97,4.32,0.03,1.96,4.32,1.22,3.78,0.53,0.11
64.1,15.43,4.11,0.04,1.85,2.31,1.61,2.98,0.58,0.11
60.57,17.05,6.52,0.22,2.22,1.6,1.91,2.67,0.99,0.11
53.06,15.53,7.05,0.09,2.88,6.34,2.61,1.94,1.24,0.37
59.53,14.74,5.79,0.08,3.04,4.17,2.38,2.78,1.32,0.67
57.37,14.53,7.67,0.11,3.33,4.2,1.74,2.36,1.24,0.5
65.77,15.2,3.89,0.06,1.2,1.64,2.9,2.66,1.05,0.1
54.72,15.72,7.59,0.08,4.48,5.57,2.06,1.22,0.93,0.08
54.86,16.01,6.87,0.08,2.89,3.83,2.29,2.77,1.05,0.14
81.4,8.04,3.44,0.06,0.71,0.53,0.75,2.23,1.35,0.09
70.7,12.84,4.6,0.05,1.44,1.07,1.07,2.84,0.97,0.19
76.46,9.85,4.5,0.05,1.16,0.91,0.74,2.32,1.53,0.11
67.12,10.85,3.52,0.04,1.42,5.29,0.84,2.44,0.54,0.08
65.37,14.54,5.25,0.06,1.96,2.16,1.24,2.95,0.81,0.1
59.04,15.78,7.56,0.1,2.04,2.75,2.76,2.77,1.51,0.38
61.8,14.07,6.82,0.09,1.91,3.85,3.12,2.4,1.56,0.59
58.55,15.69,6.3,0.08,2.91,4.35,2.61,2.5,1.32,0.73
58.15,16.54,6.33,0.09,2.04,3.26,2.44,2.95,1.32,0.25
68.79,14.17,4.2,0.07,1.31,1.02,2.19,3.5,0.68,0.08
58.02,14.27,9.08,0.14,3.43,2.95,1.11,1.68,1.61,0.09
71.19,11.15,4.73,0.06,1.54,1.68,1.3,2.55,0.85,0.15
70.86,11.78,4.51,0.06,1.47,2.71,1.36,2.12,1,0.11
69.42,12.24,4.42,0.06,1.43,1.72,1.24,2.24,0.92,0.1
64.95,12.27,4.3,0.05,1.81,3.61,1.12,2.43,0.76,0.13
64.88,13.14,4.48,0.08,1.49,3.4,4.86,1.86,1.2,0.46
62.47,13.59,5.55,0.08,1.84,3.88,3.73,2.06,1.3,0.66
63.76,12.63,6.01,0.09,1.67,3.67,3.32,2.2,1.64,0.62
61.7,14.56,5.06,0.08,1.46,2.99,3.29,3.35,1.18,0.4
62.2,15.01,5.48,0.08,1.77,1.98,2.12,3.1,0.95,0.12
61.14,13.01,6.96,0.09,4.03,2.34,1.05,2.58,0.9,0.13
58.92,10.07,6.97,0.1,5.51,5.01,0.9,1.41,1.29,0.13
63.38,15.52,5.16,0.05,1.84,2.08,1.74,3.27,0.81,0.12
69.91,13.37,3.83,0.04,1.13,1.09,1.05,2.91,1.08,0.09
65.64,11.88,4.43,0.05,1.45,4.98,0.86,2.23,0.8,0.09
68.97,10.99,4.25,0.06,1.55,3,1.38,2.2,0.89,0.1
62.95,14.09,6.17,0.1,2.88,2.01,1.36,2.92,1.02,0.15
59.56,13.54,6.4,0.1,2.15,4.7,3.46,1.7,1.53,0.84
55.83,12.71,7.92,0.1,2.81,6.01,1.76,1.6,1.66,0.81
59.87,13.78,6.49,0.09,1.81,4.34,3.05,2.51,1.5,0.79
61.75,13.72,5.88,0.08,2.42,3.48,2.54,2.77,1.07,0.28
65.01,14.03,5.1,0.08,1.84,1.91,2.6,2.85,0.87,0.1
61.64,14.03,7.17,0.08,4.94,2.65,1.05,2.32,0.91,0.12
58.63,12.91,6.2,0.09,4.15,4.2,0.87,2.13,0.78,0.23
50.77,15.04,5.25,0.06,3.09,7.61,0.81,4.17,0.85,0.11
58.38,17.64,6.09,0.07,2.67,1.04,1.23,4.65,0.75,0.07
60.28,15.93,5.77,0.09,2.29,2.69,2.18,3.05,0.99,0.20
56.22,18.58,7.33,0.10,2.27,1.99,1.54,3.24,0.81,0.07
57.93,17.83,7.31,0.15,2.35,1.19,1.44,3.80,0.72,0.10
59.70,15.06,6.00,0.07,3.59,2.68,0.92,2.67,0.94,0.08
57.21,17.03,6.88,0.09,2.84,3.12,2.49,1.74,1.08,0.10
55.65,15.03,7.99,0.11,4.29,3.76,1.53,1.76,1.16,0.11
58.83,16.05,7.04,0.08,2.86,2.52,0.93,2.40,1.04,0.11
57.42,18.02,6.64,0.07,1.81,1.08,0.69,2.74,0.91,0.09
57.42,19.43,7.47,0.06,2.32,0.73,0.69,2.88,0.88,0.10
56.56,16.85,7.08,0.07,4.86,1.68,0.77,2.25,1.04,0.07
59.18,14.13,7.58,0.09,3.54,2.21,0.37,3.02,1.00,0.10
60.02,14.65,4.74,0.05,2.59,0.82,1.38,3.85,0.88,0.13
53.44,16.04,6.99,0.07,4.37,3.17,1.39,3.52,1.01,0.10
61.07,14.89,6.88,0.12,2.54,2.58,0.81,2.46,1.06,0.08
56.95,18.06,7.41,0.10,2.90,1.87,1.21,3.59,0.97,0.19
56.05,19.10,5.78,0.08,2.11,0.79,2.05,4.28,0.72,0.08
52.02,17.84,8.82,0.09,3.20,2.59,1.59,2.42,0.99,0.09
55.93,14.63,8.46,0.13,3.43,3.43,0.70,1.96,0.97,0.12
61.56,15.44,6.34,0.07,2.10,1.38,0.89,2.36,0.99,0.15
60.73,16.54,5.79,0.07,2.01,1.20,0.75,2.47,0.88,0.09
57.62,15.70,7.22,0.09,2.68,1.64,0.80,2.14,1.08,0.13
57.59,14.07,7.81,0.12,4.04,2.32,0.70,2.00,0.92,0.14
58.23,15.28,7.80,0.10,2.79,2.01,0.93,1.61,0.96,0.09
57.39,16.69,5.38,0.08,3.93,1.83,1.56,3.63,0.76,0.08
51.24,14.36,5.53,0.08,2.68,8.73,1.58,2.04,1.02,0.08
49.08,18.89,9.71,0.13,3.32,2.09,0.83,2.50,0.88,0.11
47.69,15.44,7.68,0.11,4.42,6.46,1.19,1.87,1.09,0.11
58.01,14.29,5.41,0.08,2.90,3.73,0.87,1.85,0.92,0.12
55.89,18.69,6.27,0.07,2.07,1.87,0.77,2.35,0.83,0.09
59.05,16.22,5.86,0.07,2.56,2.07,0.77,2.82,0.88,0.09
53.91,15.20,10.98,0.12,3.60,1.92,1.06,1.21,1.39,0.09
57.83,11.10,9.70,0.14,4.26,3.03,1.74,1.35,1.48,0.17
61.91,16.76,6.05,0.07,2.61,1.81,2.77,2.01,1.06,0.08
56.78,16.69,6.40,0.15,2.47,2.88,1.51,2.87,0.83,0.09
55.50,13.23,7.22,0.21,3.14,6.63,0.98,2.08,0.76,0.16
54.30,16.70,8.95,0.14,3.37,3.01,1.40,2.05,0.95,0.16
57.04,13.52,6.76,0.09,3.51,3.43,1.38,2.06,1.12,0.14
52.79,15.81,8.36,0.12,4.53,2.60,0.83,2.20,0.99,0.15
63.13,15.45,5.15,0.07,1.92,1.42,1.03,2.25,0.90,0.11
68.91,14.10,4.46,0.06,1.63,1.12,1.08,2.01,0.91,0.09
64.45,15.13,5.07,0.08,1.77,1.97,1.10,2.38,0.99,0.07
59.42,15.01,7.62,0.09,3.38,1.60,0.87,2.50,1.10,0.11
57.55,14.21,9.61,0.14,3.26,1.96,1.11,1.26,1.23,0.10
61.68,13.55,8.21,0.14,3.43,1.31,1.64,1.62,1.12,0.09
56.88,16.35,7.81,0.10,2.94,2.21,1.53,2.71,1.60,0.17
58.08,17.04,6.62,0.13,2.08,2.28,1.85,2.83,1.02,0.10
54.26,15.30,8.41,0.13,4.02,3.01,1.29,1.70,1.18,0.13
56.67,15.17,8.01,0.11,3.00,2.94,1.05,1.66,1.19,0.09
53.08,15.68,9.35,0.15,3.68,2.39,1.31,1.39,1.12,0.08
58.37,15.22,6.79,0.09,3.16,1.79,1.03,2.64,0.90,0.14
68.08,15.38,4.69,0.06,1.40,0.54,1.18,2.00,0.90,0.07
67.37,15.26,5.03,0.07,1.40,0.54,1.00,2.05,1.05,0.05
56.73,15.19,9.47,0.17,2.92,2.01,1.10,0.97,1.05,0.08
50.94,13.35,13.38,0.15,4.38,2.91,1.48,0.99,1.35,0.15
58.60,17.54,6.89,0.10,2.36,1.18,1.31,3.09,1.00,0.06
64.44,15.66,4.98,0.13,1.71,1.01,1.94,2.89,0.68,0.14
65.65,14.24,5.12,0.09,2.17,1.99,2.08,1.96,0.97,0.13
56.78,14.66,7.28,0.13,5.04,2.68,0.98,1.89,0.96,0.16
54.33,14.89,8.15,0.11,4.46,4.15,1.96,1.04,1.24,0.10
54.74,13.89,7.75,0.16,4.87,3.82,1.00,2.11,0.91,0.17
60.55,17.82,6.83,0.07,1.52,0.76,1.14,2.98,0.94,0.07
70.68,12.39,5.02,0.07,1.30,0.57,0.80,1.87,1.34,0.05
58.07,16.08,9.24,0.11,2.24,0.97,1.13,2.67,1.30,0.09
60.35,14.93,9.40,0.15,2.04,1.94,1.12,1.05,1.26,0.14
66.73,12.12,6.21,0.11,1.94,1.46,1.34,1.81,1.07,0.14
62.98,15.22,5.85,0.09,2.04,1.63,2.27,2.62,1.20,0.12
63.66,14.69,5.28,0.09,2.12,1.71,2.28,3.43,1.36,0.35
62.66,16.45,4.76,0.15,1.48,1.55,2.12,3.40,0.67,0.09
63.21,16.49,5.20,0.08,1.93,1.33,1.45,3.67,0.87,0.08
59.04,15.47,7.74,0.10,3.21,2.56,1.14,2.04,1.14,0.11
61.08,13.70,6.50,0.08,3.85,3.24,1.35,1.90,1.03,0.08
58.50,13.97,7.87,0.16,4.71,2.29,0.93,1.87,1.15,0.18
50.48,15.52,6.86,0.08,3.39,5.79,0.96,2.40,0.95,0.12
55.32,18.53,6.70,0.10,1.93,2.33,1.24,2.82,0.96,0.10
63.04,14.37,6.27,0.11,2.65,1.03,0.70,2.59,0.94,0.07
58.28,15.07,9.55,0.10,2.60,0.73,0.73,2.97,1.38,0.08
58.51,14.05,9.53,0.18,2.69,1.54,0.55,2.07,1.04,0.12
62.16,15.59,7.18,0.10,1.66,2.12,2.45,1.91,0.96,0.08
61.47,15.23,7.00,0.11,1.96,2.53,2.46,2.71,1.32,0.17
61.02,17.39,5.78,0.09,1.95,1.49,3.39,2.97,0.59,0.08
61.51,17.32,6.60,0.07,2.34,1.75,1.80,2.95,0.88,0.07
60.01,15.95,5.43,0.09,2.94,2.58,1.62,3.39,0.79,0.19
61.81,14.36,6.59,0.06,2.90,2.69,1.56,2.28,0.94,0.07
55.07,14.24,9.32,0.19,6.46,2.94,0.86,1.50,1.23,0.18
58.13,16.93,9.15,0.11,2.03,2.59,1.15,1.81,1.76,0.13
62.05,18.26,7.27,0.07,1.74,1.17,1.33,2.62,1.23,0.09
60.61,14.75,9.01,0.15,2.60,0.96,0.89,2.36,1.23,0.09
55.84,15.79,10.39,0.19,2.83,1.72,0.62,2.34,1.32,0.13
64.65,13.71,7.52,0.19,2.25,1.06,0.51,2.53,1.06,0.11
60.57,14.93,7.78,0.11,2.17,2.39,1.30,1.80,1.11,0.12
60.21,14.85,6.99,0.09,2.58,2.48,2.10,2.66,1.41,0.19
62.96,15.63,6.72,0.09,1.42,1.85,2.30,2.09,0.99,0.07
60.31,14.63,7.88,0.11,2.58,2.82,2.29,1.73,1.02,0.18
56.54,18.00,7.22,0.08,2.83,2.01,1.73,2.98,1.30,0.07
53.54,17.65,8.39,0.08,4.13,3.15,1.23,1.90,1.00,0.07
54.17,14.89,8.87,0.10,5.32,3.96,1.16,2.33,1.13,0.31
60.80,18.33,6.99,0.07,2.25,1.05,1.12,3.04,0.92,0.09
58.08,16.90,7.07,0.15,3.93,2.22,0.86,2.40,0.93,0.15
61.74,16.05,8.33,0.11,2.33,1.95,1.10,1.60,1.62,0.08
56.29,14.22,8.93,0.14,3.48,3.83,0.89,1.32,1.53,0.15
50.50,13.70,10.69,0.14,2.67,6.08,1.10,0.91,1.87,0.14
56.67,13.43,9.67,0.14,3.69,3.66,1.26,1.53,1.94,0.24
61.78,16.15,6.43,0.08,1.65,2.29,2.80,2.53,1.04,0.16
65.40,14.83,4.77,0.07,1.15,2.02,2.42,1.83,0.75,0.07
64.79,12.19,7.75,0.09,2.59,2.07,1.91,0.80,1.29,0.39
58.17,14.76,8.19,0.08,3.18,2.99,1.19,2.27,0.91,0.09
54.79,14.86,9.72,0.13,4.48,3.44,1.05,1.52,1.70,0.10
56.39,17.23,7.90,0.08,2.60,2.03,1.19,2.41,1.34,0.25
56.46,17.15,7.32,0.11,2.88,1.34,1.11,2.66,1.12,0.11
58.37,16.65,5.51,0.08,2.44,2.66,1.25,2.50,0.92,0.11
64.49,16.05,5.81,0.09,1.45,0.83,1.40,2.32,1.21,0.06
64.02,13.50,7.13,0.20,2.78,1.29,1.13,1.37,1.16,0.07
54.54,13.83,10.89,0.13,3.58,3.48,1.06,1.25,1.19,0.12
65.53,14.25,8.00,0.09,3.45,2.86,1.16,1.82,1.05,0.24
59.58,15.49,6.23,0.10,1.81,3.18,2.14,2.01,1.12,0.23
63.54,13.67,6.59,0.10,1.39,3.10,2.12,1.75,1.54,0.19
62.67,13.82,6.78,0.10,1.56,3.11,2.03,1.20,1.30,0.10
62.55,14.52,6.87,0.09,1.54,2.57,2.24,1.27,1.37,0.09
51.65,15.82,12.70,0.13,3.09,3.52,1.26,1.20,1.64,0.09
58.29,14.09,7.05,0.16,6.65,1.95,0.79,1.83,0.96,0.13
62.44,16.29,7.26,0.13,1.58,1.27,1.16,2.59,1.02,0.07
63.33,13.04,6.00,0.13,3.23,1.69,0.74,2.14,1.00,0.12
58.41,16.98,6.34,0.09,2.36,0.96,1.29,2.44,1.04,0.08
63.13,13.21,7.12,0.11,2.45,2.03,1.01,1.34,1.18,0.08
68.29,12.12,6.02,0.10,2.13,1.32,0.72,1.52,1.05,0.07
63.93,12.35,8.19,0.13,2.92,2.11,1.32,1.52,1.04,0.11
61.87,15.30,6.34,0.09,1.72,2.57,1.95,1.61,1.01,0.09
60.83,16.89,6.34,0.10,1.30,2.73,2.52,1.64,0.85,0.06
61.99,14.26,7.19,0.10,1.63,3.46,2.12,1.38,1.17,0.09
62.38,15.43,6.47,0.07,1.83,1.64,3.39,0.76,0.97,0.07
63.48,15.24,5.30,0.08,1.28,2.58,2.91,1.64,0.83,0.08
56.87,13.80,7.90,0.14,5.85,2.99,0.60,1.63,1.13,0.12
62.13,15.04,6.04,0.08,2.80,1.19,0.94,2.36,1.28,0.10
55.62,17.09,6.87,0.08,2.07,3.40,0.95,2.75,1.08,0.08
58.54,12.13,10.30,0.13,3.45,1.28,0.67,1.59,1.42,0.07
59.74,12.39,7.07,0.10,3.37,3.91,0.66,1.93,1.18,0.08
67.81,10.91,5.92,0.07,2.04,1.83,0.69,1.60,0.75,0.17
61.22,12.37,7.84,0.13,2.58,3.82,0.79,1.40,1.07,0.07
61.39,16.23,6.05,0.09,1.48,2.60,2.19,2.18,0.95,0.08
62.59,14.84,6.44,0.09,1.64,3.53,2.39,1.43,1.02,0.09
65.10,13.74,5.40,0.08,1.75,2.23,2.11,1.31,0.88,0.09
62.06,15.19,6.95,0.10,2.03,2.00,2.25,1.41,1.10,0.10
60.88,16.00,6.93,0.11,1.74,3.29,2.03,1.91,1.15,0.09
62.91,15.45,6.65,0.09,3.58,1.25,0.82,2.38,0.96,0.11
59.53,14.08,9.37,0.27,3.32,1.23,0.53,2.44,1.04,0.10
60.34,14.07,7.75,0.15,3.01,2.37,0.78,2.69,1.13,0.18
59.08,14.04,8.05,0.11,3.52,1.91,0.84,1.36,1.27,0.08
57.07,13.16,6.22,0.10,2.22,5.93,0.87,2.00,1.07,0.10
62.72,13.88,7.47,0.15,3.35,1.80,0.73,1.79,1.11,0.10
72.87,10.15,4.74,0.06,1.99,1.07,0.69,1.52,0.82,0.06
59.92,14.09,6.23,0.10,2.36,3.67,1.38,1.76,0.96,0.12
58.06,13.01,5.58,0.09,1.79,6.43,1.25,1.49,0.91,0.08
58.59,16.17,7.59,0.12,1.81,2.80,1.48,1.85,1.06,0.21
56.54,18.59,7.73,0.11,2.22,0.92,0.91,3.13,1.01,0.11
57.09,14.37,9.76,0.25,3.63,1.82,0.76,1.80,1.53,0.13
57.45,14.55,8.22,0.18,3.86,1.16,0.47,2.00,0.94,0.11
56.86,14.46,7.60,0.17,3.52,1.80,0.52,1.65,0.98,0.14
67.29,14.38,7.41,0.23,1.67,0.78,0.72,2.23,1.07,0.08
56.42,14.15,7.70,0.09,3.78,4.42,0.54,1.92,0.86,0.12
67.79,12.92,5.52,0.09,1.73,1.62,1.09,1.91,0.86,0.08
58.15,16.59,7.02,0.12,1.62,2.44,1.97,2.08,0.87,0.11
59.86,15.99,6.07,0.08,2.8,1.6,1.28,3.55,0.92,0.06
55.69,15.23,6.57,0.08,3.46,4.08,0.7,3.15,0.91,0.11
63.88,12.55,4.78,0.08,2.69,2.89,1.15,2.14,0.86,0.1
62.57,11.71,4.82,0.074,2.16,2.74,0.73,2.39,0.78,0.1
62.5,11.46,5.05,0.075,2.26,4.09,0.76,2.03,0.78,0.09
62.7,12.35,4.98,0.075,2.47,2.55,0.82,2.18,0.76,0.1
68.28,10.17,3.69,0.074,1.67,1.92,1.34,1.87,0.81,0.1
68.32,10.45,4.37,0.049,1.2,2.22,0.63,1.83,0.88,0.07
59.65,9.96,4.98,0.08,2.43,7.92,1.25,1.62,0.69,0.08
59.41,11.69,4.93,0.06,2.74,5.93,0.95,1.88,0.78,0.1
60.05,12.88,5.58,0.079,2.9,3.74,1.4,1.99,0.97,0.11
61.32,12.28,5.36,0.071,2.71,4.41,1.09,2.04,0.83,0.12
58.64,10.86,4.91,0.058,2.74,7.84,0.98,1.47,0.84,0.09
59.25,14.93,6.31,0.09,2.73,2.76,1.43,3.15,0.99,0.08
59.24,14.27,5.73,0.08,2.89,3.95,0.83,2.84,0.85,0.09
58,15.07,7.33,0.1,3.51,2.19,0.72,2.59,1.09,0.08
56.75,15.17,6.84,0.079,2.86,1.64,0.61,3.21,0.93,0.07
58.47,13.92,6.2,0.083,2.62,2.43,0.77,2.87,0.84,0.09
58.32,13.1,5.6,0.075,2.78,3.57,0.98,2.77,0.73,0.12
62.63,11.32,4.52,0.072,2.11,3.1,0.95,2.28,0.77,0.13
63.13,11.17,4.65,0.064,1.89,3.61,1.16,2.26,0.88,0.14
60.79,11.7,5.17,0.08,2.64,3.52,1.2,2.41,0.89,0.14
62.11,11.71,4.78,0.078,2.43,2.97,1.28,2.49,0.81,0.14
62.48,11.19,4.48,0.078,2.11,2.43,1.298,2.38,0.86,0.14
64.54,10.82,3.89,0.068,2.02,2.38,1.48,2.31,0.77,0.11
63.4,10.73,4.28,0.069,2.52,3.63,1.25,2.27,0.73,0.15
59.11,11.86,5.11,0.082,2.76,4.13,1.23,2.53,0.87,0.18
60.97,13.61,5.19,0.08,2.9,2.85,1.27,2.85,0.84,0.13
58.84,12.33,6.16,0.11,3.37,5.48,1.24,2.25,1.09,0.16
60.25,11.74,5.03,0.077,2.54,4.97,1.22,2.56,0.79,0.12
59.93,12.26,5.05,0.079,2.35,3.17,1.28,2.64,0.81,0.17
61.47,11.9,4.7,0.079,2.16,2.07,1.23,2.55,0.77,0.15
61.73,11.88,4.86,0.083,2.31,3.14,1.3,2.47,0.84,0.18
59.05,12.77,5.36,0.082,2.88,3.57,1.01,2.83,0.81,0.2
59.02,11.82,4.94,0.082,2.8,3.85,1.3,2.56,0.84,0.22
61.19,11.66,4.89,0.085,2.37,2.75,1.24,2.44,0.81,0.23
63.04,11.69,4.46,0.072,2.19,2.33,1.45,2.44,0.82,0.11
63.57,12.16,4.66,0.076,2.14,3.81,2.09,2.02,0.89,0.09
62.28,12.25,5,0.081,2.47,2.39,1.61,2.11,0.88,0.11
63.25,12.72,5.62,0.09,2.72,2.59,1.83,2.35,0.93,0.1
60.88,11.51,4.97,0.082,2.6,3.58,1.33,2.33,0.81,0.2
59.82,12.26,5.36,0.089,2.77,4.12,1.26,2.61,0.86,0.22
59.79,11.85,5.02,0.08,2.73,3.89,1.3,2.54,0.85,0.19
64.28,10.91,3.89,0.068,1.82,2.23,1.47,2.24,0.71,0.13
61.75,11.28,4.88,0.082,2.44,4.53,1.37,2.33,0.89,0.22
60.04,13.06,5.69,0.083,2.32,4.43,0.83,2.45,0.79,0.08
60.58,10.01,5.24,0.125,1.86,6.6,1.1,1.68,1.15,0.09
61.2,14.26,5.92,0.093,2.12,2.93,0.81,2.68,0.85,0.08
62.51,12.09,5.05,0.078,2.34,3.1,0.93,2.26,0.79,0.1
62.14,11.56,4.65,0.08,2.39,2.71,1.21,2.28,0.82,0.14
57.96,11.89,5.73,0.075,2.92,4.21,1.96,1.26,1.26,0.08
56.46,13.14,4.54,0.05,2.59,3.89,1.76,1.8,0.91,0.09
58.65,12.76,6.78,0.1,4.33,3.75,1.38,2.12,0.91,0.12
64.24,13.13,6,0.1,2.84,3.28,1.56,2.13,0.89,0.08
62.44,13.66,6.49,0.1,3.07,3.55,1.25,2.23,1.05,0.1
65.26,11.5,4.84,0.082,1.97,3.63,1.44,2.12,0.84,0.1
60.18,10.17,4.46,0.081,1.92,7.16,1.49,1.78,0.84,0.1
61.57,11.46,4.75,0.078,1.83,4.92,0.96,2.06,0.81,0.07
62.25,13.67,5.63,0.089,2.28,2.11,0.89,2.62,0.82,0.09
59.57,13.52,5.47,0.08,2.32,2.49,0.83,2.65,0.82,0.09
57.2,13.74,5.63,0.067,2.44,5.79,1.19,2.75,0.75,0.09
63.45,13.78,5.08,0.081,1.82,1.82,1.46,2.28,0.85,0.08
59.74,11.63,5.85,0.109,2.1,4.74,1.49,1.89,1.03,0.11
61.99,11.71,7.27,0.127,2.21,3.36,0.83,2.04,1.24,0.07
65.27,12.58,5.54,0.118,1.86,1.46,0.72,1.99,0.92,0.06
58.66,12.12,7.59,0.13,4.53,5.72,1.88,1.68,1.1,0.11
61.59,14.08,6.5,0.11,3.22,2.8,1.5,2.59,1.04,0.12
58.87,14.93,6.42,0.09,3.41,3.03,0.92,2.56,0.94,0.11
60.71,10.19,4.14,0.068,2.16,5.95,1.42,1.64,0.78,0.09
61.04,11.25,5,0.085,2.27,5.11,1.06,2.04,0.84,0.09
59.83,13.9,6.34,0.092,2.59,2.09,0.59,2.56,0.86,0.09
58.18,15.85,6.88,0.082,2.75,1.44,0.74,3.12,0.86,0.07
59.83,14.16,5.95,0.077,2.41,2.67,1.06,2.98,0.77,0.11
62.96,12.08,5.46,0.11,2.09,3.87,1.16,2.45,0.92,0.12
65.67,11.3,4.71,0.087,1.82,2.93,1.29,2.02,0.84,0.1
61.35,12.08,4.93,0.084,1.85,5.36,2.32,2.01,0.87,0.09
61.2,11.47,7.02,0.113,2,3.1,0.73,2.25,1.05,0.07
64.65,10.5,5.37,0.092,1.87,2.16,0.45,2.77,0.73,0.04
56.29,13.19,8.04,0.12,4.68,4.4,1.29,2.02,1.03,0.15
59.97,13.32,5.99,0.1,3.42,3.92,1.54,2.19,0.88,0.17
61.87,12.36,5.82,0.11,3.28,4.45,1.41,1.89,1.07,0.11
59.25,11.27,5.36,0.078,2.46,6.79,1.31,2.05,0.76,0.09
63.3,11.02,4.75,0.075,2.08,4.82,1.31,1.92,0.82,0.09
59.5,12.92,6.01,0.091,2.77,4.48,1.26,2.11,0.83,0.08
60.83,13.57,5.67,0.087,2.65,2.72,1.9,2.76,0.82,0.1
60.1,9.98,4.18,0.082,1.88,7.02,1.48,1.68,0.77,0.1
68.44,10.68,4.33,0.082,1.45,3.4,1.67,1.81,0.8,0.09
65.02,12.19,5.12,0.085,1.87,2.44,1.29,2.05,0.91,0.09
64.68,11.72,4.98,0.087,1.84,3.12,1.44,2.01,0.85,0.1
61.68,12.21,5.44,0.087,2.14,2.97,1.12,2.34,0.89,0.09
57.48,12.2,6.74,0.091,3.17,2.83,0.71,2.58,0.9,0.08
58.01,13.55,7.09,0.12,3.01,3.96,1.83,1.98,1.05,0.12
61.37,13.52,5.98,0.1,2.91,3.08,1.79,2.21,0.98,0.1
56.12,12.81,7.55,0.12,4.54,5.63,1.37,1.93,1.03,0.09
57.45,11.47,6.09,0.098,2.88,7.84,1.64,1.84,0.99,0.08
60.98,12.7,5.39,0.075,2.32,4.44,1.36,2.23,0.84,0.08
59.84,14.44,6.37,0.084,2.58,1.64,0.76,2.85,0.85,0.08
62.24,13.62,5.79,0.94,2.26,1.68,0.91,2.46,0.86,0.09
65.04,10.04,4.11,0.087,1.67,4.21,1.53,1.72,0.77,0.08
62.49,14.13,5.85,0.088,1.96,1.45,0.85,2.54,0.8,0.08
63.12,11.91,4.59,0.077,1.79,2.19,0.97,2.07,0.89,0.08
58.84,14.13,5.7,0.076,2.44,2.98,1.09,2.73,0.76,0.18
58.79,11.64,5.11,0.091,1.9,6.62,1.28,1.88,1.15,0.09
62.31,11.6,7.69,0.131,1.92,1.91,0.73,1.64,1.81,0.06
53.13,12.41,6.07,0.11,4.06,7.32,1.12,2.04,0.95,0.12
56.08,13.81,7.15,0.1,3.95,4.12,1.04,2.15,1.05,0.1
58.7,13.69,6.1,0.09,3.1,3.56,0.74,2.21,0.98,0.11
60.33,13.53,6.43,0.09,2.23,2.89,1.09,2.08,1.25,0.14
60.13,13.91,6.17,0.079,2.37,2.09,0.89,2.44,0.97,0.09
58.66,13.93,6.62,0.094,2.49,3.23,1.29,2.4,1.17,0.14
59.2,13.98,6.03,0.082,2.37,3.03,1.09,2.58,0.88,0.09
60.35,14.02,5.97,0.092,2.32,2.72,1.51,2.56,0.94,0.13
62.39,13.68,5.84,0.086,2.02,1.78,0.9,2.43,0.89,0.09
64.54,11.01,5.15,0.09,1.81,3.98,1.48,1.87,0.94,0.13
62.64,11.61,5.09,0.079,1.94,4.71,1.55,2.09,0.89,0.1
57.49,15.75,6.59,0.077,2.86,3.09,1.09,2.75,0.85,0.1
57.78,14.37,6.24,0.097,2.33,4.46,1.33,2.08,1.27,0.09
57.94,12.86,6.59,0.097,3.06,3.66,1.38,2.01,0.88,0.09
59.2,12.64,5.96,0.89,2.74,3.38,1.5,2.2,0.91,0.11
58.22,12.67,6.89,0.108,2.47,3.88,1.17,2.13,1.46,0.21
63.24,11.89,5.13,0.084,2.04,2.53,1.28,2.17,0.95,0.14
65.64,11.46,4.62,0.074,1.67,2.19,1.34,1.96,0.9,0.08
65.22,12.09,5.06,0.083,1.86,2.2,1.31,2.1,0.92,0.1
63.23,11.9,4.92,0.075,2.18,2.44,1.47,2.17,0.8,0.14
62.13,10.91,4.5,0.072,2.04,2.98,1.37,2.01,0.83,0.19
63.36,12.68,5.4,0.074,2.04,2.31,1.24,2.12,0.88,0.11
61.76,10.96,4.64,0.073,1.85,4.32,1.46,1.77,0.97,0.1
56.62,10.03,5.53,0.1,1.97,7.71,1.94,1.49,1.33,0.09
60.46,14.28,5.59,0.079,2.16,1.87,0.87,2.62,0.88,0.09
59.56,14.46,5,0.062,2.11,2.08,1.06,3.14,0.64,0.1
60.24,12.01,5.57,0.083,2.38,3.55,1.34,2.21,0.94,0.12
60.74,12.64,6.27,0.1,2.26,3.04,1.47,2.15,1.18,0.15
58.48,13.97,5.53,0.076,2.17,2.82,1.53,2.43,1.02,0.11
63.49,12.11,4.5,0.074,1.67,3.27,1.55,2.14,0.84,0.1
61.04,13.66,6.06,0.089,2.14,3.23,1.35,2.19,0.92,0.1
63.1,11.84,4.55,0.073,1.94,2.55,1.68,2.06,0.83,0.09
64.6,11.55,4.77,0.077,1.79,2.41,1.59,2.09,0.84,0.1
59.78,11.58,4.57,0.072,2.3,6.28,2.85,1.85,0.93,0.14
63.38,10.83,4.36,0.073,1.75,4.63,1.6,1.8,0.86,0.12
64.88,11.8,4.5,0.089,1.64,1.86,1.21,2.12,0.82,0.1
64.85,12.55,5.17,0.088,1.7,1.73,0.96,2.19,0.91,0.08
60.61,13.07,5.26,0.072,2.05,2.34,0.89,2.5,0.82,0.1
61.2,13.67,4.99,0.084,1.95,1.6,0.98,2.96,0.72,0.1
60.71,12.46,6.52,0.091,2.36,3.28,1.47,2.17,1.11,0.17
59.37,14.33,6.14,0.069,2.46,2.03,1.23,2.84,0.94,0.11
61.68,12.43,5.13,0.074,2.04,3.21,1.11,2.23,0.95,0.09
65.46,9.96,4.26,0.078,1.48,4.51,1.79,1.72,1.01,0.1
60.8,15.02,6.34,0.082,2.63,1.88,1.55,2.42,0.83,0.09
61.73,13.99,5.936,0.08,2.39,1.84,1.37,2.49,0.85,0.09
65.22,12.13,4.78,0.075,1.63,1.82,1.24,2.24,0.87,0.09
61.15,11.77,5.79,0.087,2.45,3.75,1.56,1.97,1.03,0.16
63.76,11.2,4.54,0.078,1.81,3.49,1.22,1.97,0.87,0.1
61.65,13.38,5.34,0.071,2.09,2.15,0.86,2.55,0.83,0.12
64.25,11.97,4.56,0.079,1.56,1.69,1,2.11,0.83,0.07
58.9,14.57,6.43,0.092,2.36,1.85,1,2.59,0.85,0.08
59.92,14.42,5.55,0.062,2.15,2.39,1.03,2.84,0.69,0.07
62.18,10.66,4.88,0.072,2.08,4.64,1.32,1.85,0.91,0.13
57.79,13.47,6.03,0.073,2.5,2.55,1.11,2.53,0.94,0.09
60.26,12.89,5.45,0.072,2.35,2.76,1.33,2.31,0.9,0.1
59.89,13.59,5.62,0.074,2.29,2.94,1.13,2.47,0.83,0.11
60.95,13.94,5.97,0.089,2.12,1.83,0.84,2.4,0.88,0.09
64.81,12.55,4.91,0.08,1.93,1.82,1.2,2.2,0.84,0.1
62.01,13.61,5.51,0.073,2.06,1.82,1.09,2.7,0.84,0.09
61.12,14.35,6.41,0.089,2.22,1.9,1,2.47,0.94,0.09
63.45,12.64,4.9,0.079,1.76,2.13,1.02,2.18,0.86,0.08
63.02,13.6,5.34,0.077,1.84,1.51,0.82,2.36,0.9,0.08
58.78,13.6,6.27,0.102,2.18,2.53,0.97,2.34,1.02,0.1
57.31,14.51,7.01,0.103,2.17,2.06,1.14,2.7,1.12,0.12
60.43,13.54,6.54,0.141,1.9,2.39,1.312,2.42,0.92,0.09
56.34,12.69,6.55,0.087,3.61,4.21,1.2,2.33,0.97,0.15
59.01,13.17,6.03,0.087,2.81,2.45,1.3,2.57,0.88,0.1
57.51,13.16,7.02,0.092,3.15,3.32,1.53,2.09,1,0.09
57.75,13.86,7.56,0.098,2.91,3.45,1.34,2.13,1.22,0.11
60.1,15.26,6.41,0.085,2.22,1.44,0.88,2.77,0.86,0.07
61.66,14.01,5.43,0.078,2.11,1.81,1.04,2.64,0.83,0.08
61.29,14.87,5.77,0.068,2.18,1.52,1.11,2.92,0.8,0.07
60.09,14.61,6.12,0.077,2.26,1.57,1.02,2.8,0.88,0.09
61.23,14.32,5.78,0.074,2.16,2.05,1.64,2.63,0.95,0.09
61.09,14.24,5.71,0.079,2.05,1.57,0.8,2.46,0.84,0.09
53.39,13.31,9.07,0.127,3.26,4.72,1.67,1.42,1.72,0.11
59.85,13.09,6.92,0.119,1.83,1.32,1.03,2.45,0.98,0.09
58.4,14.82,5.78,0.074,2.08,1.77,0.99,2.8,0.87,0.09
62.31,10.42,4.63,0.064,2.02,6.35,1.9,1.19,0.93,0.11
59.87,12.66,6.69,0.1,2.66,5.17,1.98,1.24,0.99,0.08
59.99,12.15,5.44,0.074,2.79,4.66,0.56,1.62,0.8,0.09
61.33,11.25,5.09,0.067,2.51,4.74,0.63,1.42,0.82,0.11
65.71,10.22,4.77,0.078,1.76,4.43,0.66,1.35,0.98,0.07
64.12,10.67,5.11,0.071,1.91,3.36,1.03,1.29,1.23,0.07
62.91,12.23,5.96,0.093,2.36,3.71,0.94,1.73,1.06,0.06
58.77,12.72,6.11,0.087,2.5,5.99,1.04,1.85,1.08,0.08
60.28,10.42,7.45,0.113,2.14,7.38,2.13,0.98,1.86,0.06
60.44,11.47,5.87,0.072,2.02,6.03,1.23,1.51,1.43,0.07
64.04,9.68,4.32,0.065,1.55,4.18,0.84,1.43,1.03,0.08
65.76,10.16,3.94,0.075,1.66,3.08,1.18,1.53,0.98,0.09
59.21,9.5,4.8,0.073,2.12,8.98,0.65,1.26,1.09,0.08
65.3,11.05,4.92,0.085,2.36,3.31,1.32,2.03,0.8,0.21
66.36,10.3,4.67,0.102,2,3.69,1.38,1.65,0.85,0.17
65.33,9.88,5.26,0.088,2.15,6.28,1.77,1.36,0.9,0.11
58.24,12.34,5.13,0.056,2.87,5.15,0.54,1.6,0.79,0.09
62.74,11.79,5.19,0.088,2.12,4.2,0.64,1.67,0.92,0.08
65.39,8.9,3.72,0.068,1.48,3.78,0.87,1.3,0.83,0.08
67.73,10.06,5.1,0.084,2.01,4.58,1.42,1.37,1.05,0.1
64.83,11.83,5.48,0.086,1.94,4.11,1.03,2.02,1.02,0.09
61.57,10.11,4.6,0.06,1.5,10.9,1.7,1.33,0.88,0.05
68.13,9.45,4.75,0.101,1.39,4.24,0.99,1.42,0.97,0.09
66.55,9.81,4.19,0.074,1.61,5.03,1.14,1.41,0.92,0.09
69.85,11.03,4.59,0.087,1.62,1.85,1.14,1.69,0.87,0.07
64.57,10.57,3.87,0.063,1.76,3.13,1.29,1.75,0.72,0.11
60.92,11.4,5.59,0.091,2.4,3.55,1.42,1.81,1.12,0.09
65.42,11.83,5.14,0.086,2.02,2.45,1.6,2.03,0.87,0.11
68.91,9.85,6.25,0.13,1.47,2.91,1.65,1.59,1.28,0.11
67.21,10.65,5.08,0.091,1.96,3.57,1.48,2.03,0.86,0.11
66.66,10.29,5.14,0.104,2.04,3.91,0.9,1.74,0.87,0.08
69.94,8.71,4.47,0.063,1.5,4.97,1.01,1.36,0.85,0.11
62.47,12.35,5.83,0.061,2.57,3.9,0.81,1.84,0.94,0.09
64.23,10.5,4.5,0.058,1.76,6.86,1.39,1.63,0.98,0.08
65.81,11.38,5.1,0.087,1.85,4.65,1.25,1.44,0.9,0.08
61.13,12.3,6.61,0.107,2.41,5.17,0.97,1.39,0.9,0.08
64.17,10.33,4.57,0.067,1.99,6.53,1,1.42,0.8,0.1
64.83,10.16,4.79,0.07,1.81,6.3,1.26,1.43,0.99,0.09
64.5,10.37,4.55,0.066,1.94,6.56,0.97,1.41,0.8,0.1
64.13,11.63,5.76,0.101,2.09,4.2,1.44,1.28,1.2,0.07
63.24,11.74,5.37,0.087,2.24,4.55,1.22,1.68,0.86,0.1
65.89,11.23,5.77,0.095,1.88,4.05,1.21,1.61,0.97,0.1
65.69,11.53,4.68,0.078,1.97,2.54,1.47,2.08,0.81,0.13
69.72,9.18,4.95,0.08,1.48,6.74,2.31,1.36,0.93,0.09
64.89,10.5,5.47,0.085,1.84,4.56,1.14,1.78,0.9,0.16
67.87,10.84,5.04,0.062,1.53,3.4,1.07,1.45,0.94,0.08
69.58,10.98,4.93,0.089,1.83,2.33,1.38,1.7,0.92,0.08
60.82,12.03,6.58,0.085,2.54,5.57,1.15,1.36,1.12,0.09
65.07,10.35,3.7,0.055,1.61,7.9,2.23,1.41,0.8,0.11
65.03,10,5.42,0.066,2.14,4.7,0.65,1.43,0.8,0.08
56.98,9.47,3.76,0.048,1.84,13.11,1.26,1.22,0.68,0.06
63.95,11.94,5.27,0.061,2.42,3.07,0.65,1.51,0.86,0.1
66.69,9.18,5.35,0.115,1.64,5.49,1.01,1.38,1.33,0.08
67.17,11.44,5.36,0.106,1.78,2.35,0.95,1.85,0.99,0.08
65.25,12.2,5.66,0.082,1.94,2.82,0.99,1.6,1.05,0.08
68.44,10.64,4.8,0.062,1.83,2.99,1.57,1.3,0.78,0.06
64.18,11.72,5.43,0.081,2.34,3.64,0.81,1.75,0.85,0.1
68,10.47,4.73,0.082,1.38,4.15,1.15,1.69,0.88,0.08
67.7,11.16,5.04,0.093,1.97,3.45,1.82,2.03,0.96,0.17
64.9,10.05,5.36,0.114,1.89,4.72,1.31,1.73,1.24,0.14
63.31,11.38,5.37,0.084,2.03,5.22,1.18,1.82,0.87,0.09
63.71,12.6,5.45,0.074,2.08,4.51,1.39,1.37,0.85,0.07
62.2,10.88,4.66,0.05,2.04,8.55,1.22,1.59,0.81,0.08
65.59,9.77,5.65,0.128,1.69,6.05,0.93,1.16,1.62,0.08
66.83,10.76,4.55,0.088,1.94,4.59,1.4,1.41,0.94,0.1
62.28,12.49,6.32,0.119,2.28,2.73,1.05,2.53,1.04,0.08
64.19,13.44,5.88,0.092,1.95,1.76,0.82,2.43,0.96,0.08
60.16,11.92,5.36,0.09,2.07,4.68,0.77,2.04,1.11,0.09
66.95,10.05,5.85,0.125,1.34,3.57,1.57,1.17,1.51,0.08
58.78,11.3,4.81,0.071,2.26,7.11,1.54,1.59,0.88,0.1
63.81,10.94,5.25,0.108,2.08,5,0.86,1.36,0.87,0.07
62.07,11.55,5.73,0.083,2.61,5.83,1.84,1.11,0.92,0.09
62.53,11.15,4.96,0.079,2.24,6.91,1.36,1.44,0.99,0.08
66.51,10.99,4.83,0.088,1.78,2.57,1.57,2.07,0.92,0.1
64.96,10.83,5.23,0.091,1.78,4.67,1.44,1.5,0.99,0.12
65.67,11.16,5.11,0.077,2.07,4.52,0.93,1.45,0.89,0.09
67.36,9.61,4.21,0.081,1.68,5.85,1.34,1.48,0.9,0.08
58.29,12.84,6.97,0.073,2.64,5.75,0.61,1.41,1.17,0.16
65.44,10.51,6.73,0.106,2.3,2.27,0.8,1.99,1.22,0.05
62.48,13.18,6.34,0.096,2.24,2.87,1.18,2.34,0.97,0.08
68.19,11.25,5.51,0.105,1.7,3.77,1.32,1.82,1.06,0.1
67.35,10.28,5.01,0.1,1.65,3.77,1.47,1.64,1.06,0.1
67.58,10.35,4.71,0.075,1.78,3.56,1.25,1.37,0.98,0.08
61.98,11.52,5.3,0.071,2.45,4.83,0.65,1.52,0.88,0.09
63.05,11.04,5.4,0.089,2.28,5.96,0.78,1.51,0.91,0.1
62.02,9.56,4.41,0.071,1.78,9.72,0.93,1.42,0.82,0.08
69.87,10.73,4.67,0.103,1.52,2.05,1.34,1.78,0.86,0.08
65.48,10.54,5.98,0.104,1.75,4.87,1.34,1.76,1.2,0.11
64.1,11.75,5.44,0.085,2.21,4.03,0.75,1.58,0.94,0.09
67.91,10.84,4.24,0.078,1.71,3.37,1.33,1.52,0.74,0.07
68.02,10.77,3.71,0.067,1.4,6.68,2.78,1.54,0.87,0.1
62.81,11.05,6.99,0.092,2.86,3.5,1.01,2.43,1.02,0.07
64.84,11.06,5.9,0.091,2,2.85,1.04,2.28,1,0.08
67.3,10.42,4.62,0.091,1.56,3.41,1.7,1.84,0.88,0.07
67.28,10.11,4.17,0.079,1.49,4.48,1.64,1.56,1.09,0.09
63.34,13.23,5.88,0.058,2.44,2.87,1.37,2.06,0.86,0.08
58.37,12.15,5.59,0.066,2.83,6.67,0.59,1.62,0.86,0.1
62.12,10.88,5.66,0.231,2.12,5.43,0.66,1.52,0.92,0.08
64.05,9.01,4.56,0.106,1.83,7.3,1.1,1.18,0.84,0.07
61.87,10.87,5.56,0.105,2.33,7.03,1.26,1.25,0.82,0.09
67.49,10.85,5.62,0.118,1.84,3.71,1.51,1.81,1.12,0.12
63.78,11.01,5.38,0.079,2.13,5.98,0.85,1.55,0.99,0.1
64,12.53,5.82,0.107,2.1,3.71,1.25,1.34,0.99,0.07
71.08,9.62,3.87,0.085,1.29,3.73,1.91,1.62,0.9,0.08
62.48,11.56,7.09,0.141,2.69,4.32,1.11,2.05,1.39,0.12
64.12,9.05,4.98,0.169,3,5.51,0.85,2,0.64,0.09
65.5,12.38,5.34,0.096,1.95,3.11,1.71,2.1,0.96,0.1
61.77,14.42,6,0.083,2.11,2.35,0.77,2.48,0.86,0.09
62.4,13.17,6.29,0.092,2.4,2.4,0.93,2.16,1.02,0.1
61.56,13.21,5.73,0.066,2.44,2.94,0.86,1.92,0.92,0.08
62.88,11.67,5.21,0.174,2.14,2.98,1.03,1.56,0.87,0.07
64.62,11.25,5.83,0.217,2.07,2.12,0.68,1.66,0.82,0.07
62.45,11.19,5.69,0.11,1.92,5.18,2.86,1.18,1.13,0.07
64.89,12.31,4.07,0.071,2.79,7.72,5.08,1.25,0.84,0.1
63.47,10.74,5.56,0.099,2.19,5.51,1.5,1.86,1.08,0.15
64.39,11.81,5.75,0.091,2.1,4.21,1.2,1.18,0.97,0.08
65.98,12.29,5.07,0.081,1.9,3.64,1.81,1.51,0.86,0.08
63.9,10.62,5.28,0.114,1.66,6.11,1.63,1.72,1.1,0.09
62.58,10.52,5.39,0.091,2.34,5.58,1.65,1.86,0.98,0.07
58.23,15.46,6.52,0.078,2.72,3.52,1.53,2.74,0.96,0.14
63.81,14.45,5.67,0.079,1.88,2.13,1.47,2.68,0.77,0.08
63.07,14.94,5.33,0.07,2.19,2.06,2.14,2.54,0.76,0.09
64.35,13.1,6.35,0.093,2.13,3.77,1.31,2.2,1.11,0.09
64.09,11.53,9.06,0.087,1.77,4.7,1.87,1.24,1.61,0.08
70.714,9.26,5.02,0.093,1.85,4.51,1.05,1.3,0.73,0.07
56.48,11.37,5.6,0.133,2.72,7.87,1.44,1.3,0.86,0.06
66.66,10.98,5.35,0.119,1.51,5.49,2.1,1.47,1.09,0.1
66.35,10.38,4.8,0.094,1.52,6.59,2.7,1.5,1.15,0.09
66.73,11.56,5.66,0.103,2.03,3.78,1.67,2.03,1.07,0.11
70.83,9.83,4.45,0.084,1.38,3.94,1.57,1.74,0.89,0.09
69.85,10.52,5.36,0.137,1.3,3.8,1.95,1.76,1.14,0.12
64.9,12.11,5.21,0.085,2.02,2.47,1.48,2.23,0.93,0.07
61.04,13.7,6.82,0.123,2.34,4.07,1.88,2.13,1.34,0.09
59.55,12.38,5.93,0.102,1.9,8.62,2.2,1.7,1.2,0.1
64.92,12.69,4.6,0.081,1.82,2.26,1.89,2.16,0.96,0.1
62.52,13.96,6.23,0.092,2.07,4.27,2.1,2.02,1.01,0.11
65.95,12.33,7.07,0.121,1.86,4.3,1.8,1.71,1.49,0.11
63.83,10.7,5.53,0.126,1.98,5.23,1.38,1.44,1.03,0.09
60.7,12.65,5.27,0.129,2.16,4.26,6.19,1.52,0.93,0.09
65.27,12.31,5.47,0.113,1.84,2.54,1.79,1.81,1.01,0.1
59.91,13.3,4.06,0.059,1.5,5.04,2.31,1.58,1.06,0.07
61.63,11.1,5.97,0.113,1.93,8.13,2.23,1.42,1.38,0.1
64.45,11.62,6.06,0.101,2.04,3.35,1.46,1.79,1.12,0.13
61.46,14.27,8.49,0.137,2.08,3.24,1.43,2.17,2.1,0.17
61.08,15.18,7.09,0.122,2.08,2.65,1.79,2.5,1.22,0.13
65.01,14.08,5.53,0.105,1.73,3.63,2.44,2.06,0.96,0.1
63.54,14.67,5.42,0.072,2.04,2.51,1.81,2.94,0.8,0.07
63.23,13.7,4.42,0.072,1.55,5.31,2.34,2.58,0.69,0.1
69.22,11.13,4.89,0.097,1.4,3.29,1.62,1.94,0.97,0.08
68.68,11.93,5.34,0.089,1.52,3.3,1.77,1.9,0.94,0.1
63.19,13.1,5.58,0.074,2.4,3.52,2.19,1.83,1.05,0.11
66.89,11.24,5.3,0.098,1.99,3.19,1.44,1.79,0.99,0.08
68.21,12,6.93,0.19,1.29,2.06,2.93,1.02,1.68,0.07
64.2,12.15,7.98,0.186,1.78,3.5,3.08,0.85,2.88,0.08
65.27,11.62,7.7,0.326,1.59,2.7,2.21,1.33,1.9,0.07
72.09,10.33,4.61,0.083,1.29,1.77,1.62,1.99,0.9,0.06
61.85,13.62,7.85,0.137,2.18,3.93,1.79,2.25,1.42,0.18
62.03,14.01,7.31,0.148,1.9,3.96,2.28,2.09,1.56,0.14
64.17,14.5,5.55,0.111,1.71,2.66,2.2,2.28,1.09,0.09
63.18,13.5,5.38,0.097,1.89,2.56,1.89,2.43,1,0.1
64.92,13.07,5.37,0.101,1.78,2.6,1.58,2.3,0.96,0.1
69.45,12.08,4.75,0.074,1.54,2.29,1.56,2.17,0.86,0.08
66.44,11.6,5,0.083,1.75,4.29,1.49,2.03,0.88,0.09
65.51,11.41,6.52,0.113,1.59,3.7,1.39,1.59,2.01,0.08
69.2,9.93,4.82,0.092,1.77,3.99,1.71,1.5,1.06,0.09
71.18,9.53,5.28,0.145,1.42,2.56,1.9,0.91,1.16,0.04
67.49,11.77,8.84,0.208,1.66,2.22,3.05,1.14,1.82,0.05
67,10.81,9.55,0.261,1.321,1.85,1.66,1.27,2.97,0.06
63.36,11.75,6.36,0.111,2.8,3.5,2.21,1.72,1.09,0.13
61.86,13.43,7.27,0.136,2.06,4.68,1.58,2.2,1.29,0.16
61.49,13.47,8.18,0.123,1.92,4.29,2.15,1.86,1.75,0.16
60.86,16.09,6,0.094,1.91,2.64,7.15,2.71,0.91,0.12
64.2,11.81,5.12,0.086,2.05,3.22,1.78,2.23,0.81,0.08
63.5,13.37,5.61,0.088,2.15,2.4,1.27,2.68,0.88,0.07
63.41,14.37,5.55,0.078,1.98,1.68,1.18,2.86,0.84,0.08
61.59,14.26,6.59,0.085,2.23,1.93,1.12,2.37,1.08,0.09
63.68,12.91,6.16,0.079,2.15,3.5,1.52,2.15,1.15,0.1
66.11,11.74,5.86,0.094,2.14,3.86,1.88,1.58,1.01,0.09
60.74,13.22,7.89,0.121,3.05,4.12,4.07,0.89,1.31,0.07
64.11,11.71,8.25,0.139,1.63,1.67,1.82,1.52,2.5,0.06
67.74,11.07,7.27,0.156,1.5,2.42,2.13,1.68,1.61,0.11
62.52,10.76,6.09,0.107,2.09,3.28,1.75,1.48,1.21,0.09
61.93,13.29,4.57,0.06,2.43,3.34,2.39,1.94,0.75,0.10
56.68,13.53,5.15,0.07,3.11,4.62,1.32,2.30,0.82,0.19
55.80,14.70,6.80,0.08,3.20,3.91,1.63,1.71,1.08,0.12
60.91,14.21,5.52,0.07,2.91,2.61,2.09,1.82,1.01,0.16
59.84,14.35,6.26,0.07,2.61,2.57,1.96,1.64,0.98,0.14
58.39,14.27,5.18,0.06,2.85,4.17,2.17,1.64,0.84,0.15
58.88,13.98,5.42,0.05,3.84,3.35,2.10,1.46,0.93,0.13
58.43,14.02,6.70,0.07,3.53,2.61,1.99,1.05,1.04,0.12
62.98,13.12,5.02,0.08,2.38,2.72,1.65,1.79,0.86,0.11
60.12,13.19,5.34,0.07,2.52,3.13,1.49,1.94,0.87,0.14
65.07,11.87,4.29,0.07,2.19,2.34,1.46,2.01,0.81,0.22
65.99,13.20,4.72,0.07,2.02,1.42,1.41,2.16,0.86,0.10
65.17,13.66,4.89,0.08,2.12,1.49,1.39,2.07,0.86,0.09
56.86,14.35,6.27,0.08,3.12,2.60,1.03,2.22,0.86,0.19
58.19,14.81,5.45,0.07,3.07,3.80,1.72,1.95,0.90,0.12
59.38,13.65,5.70,0.07,2.97,3.57,1.87,1.83,0.89,0.13
57.44,14.68,6.36,0.08,3.20,2.60,1.49,2.22,0.97,0.16
60.08,13.71,5.34,0.07,2.89,2.76,2.06,1.52,0.91,0.16
54.28,13.94,5.94,0.07,3.49,5.64,1.54,1.22,1.08,0.12
57.41,15.33,5.07,0.05,3.23,3.79,2.84,1.78,0.84,0.09
56.34,15.42,6.75,0.07,3.32,2.43,1.43,1.23,0.86,0.12
56.75,15.60,6.40,0.08,3.64,2.27,1.86,2.28,0.86,0.09
55.68,17.57,6.85,0.06,2.92,1.83,1.28,2.64,1.08,0.08
55.15,18.15,5.58,0.06,2.98,1.84,2.80,2.85,0.85,0.10
56.42,16.61,5.14,0.05,2.85,3.12,3.28,2.57,0.76,0.14
54.27,19.84,5.81,0.05,3.19,1.19,2.83,3.40,0.74,0.06
52.49,14.25,5.87,0.07,3.59,6.62,1.39,2.05,0.87,0.11
56.25,14.09,5.66,0.07,3.32,4.69,1.70,1.84,1.04,0.14
55.94,13.78,4.98,0.06,2.78,6.08,1.86,1.45,0.93,0.12
60.36,14.50,4.69,0.06,3.02,2.27,2.27,1.55,0.87,0.16
58.53,12.95,4.86,0.06,2.58,5.26,1.78,1.76,0.78,0.15
55.56,13.65,5.42,0.06,3.15,5.52,1.58,1.36,0.82,0.10
54.13,14.18,4.78,0.06,3.20,6.13,2.72,2.33,0.78,0.18
57.39,15.04,5.42,0.06,3.01,3.12,2.04,1.33,0.92,0.15
58.18,15.06,6.44,0.08,3.00,2.38,0.83,1.96,1.03,0.08
55.96,17.23,6.24,0.07,2.81,2.07,1.20,2.44,1.12,0.11
54.53,19.92,5.53,0.06,3.06,1.32,3.81,2.61,0.87,0.09
56.97,16.30,6.32,0.06,3.01,2.25,1.62,2.59,0.88,0.10
57.92,15.93,5.42,0.07,2.54,2.84,1.12,2.97,0.89,0.12
56.53,14.97,6.89,0.08,4.22,2.79,1.36,2.13,0.98,0.13
57.57,14.55,5.26,0.07,3.21,4.50,2.26,2.05,0.89,0.09
61.33,14.44,4.72,0.06,3.09,2.83,2.35,1.93,0.82,0.10
61.57,14.45,4.98,0.06,3.40,2.06,2.58,1.39,1.05,0.17
55.47,14.54,6.20,0.07,3.14,4.86,1.24,1.53,0.85,0.13
55.62,13.92,6.58,0.07,3.69,4.01,1.34,1.47,0.96,0.11
57.26,14.96,5.96,0.08,3.60,2.72,1.15,2.34,0.92,0.13
52.99,18.01,7.14,0.06,3.99,1.49,1.32,2.63,0.86,0.09
54.61,14.04,6.16,0.09,3.26,4.93,2.29,1.79,0.84,0.08
51.75,14.48,4.75,0.06,2.40,7.84,3.00,1.72,0.75,0.07
55.61,16.35,5.92,0.07,2.87,2.02,2.80,2.37,0.86,0.10
60.16,15.28,6.09,0.07,2.75,1.89,1.40,2.25,0.87,0.10
61.05,13.78,4.77,0.07,2.08,1.30,1.41,2.04,0.80,0.10
56.98,14.58,5.30,0.07,3.47,4.35,1.91,2.25,0.80,0.12
57.24,14.86,5.78,0.08,3.90,2.88,1.75,2.06,0.87,0.16
59.59,14.34,5.41,0.08,3.48,2.03,1.68,2.06,0.97,0.13
59.73,13.91,5.43,0.06,3.02,3.01,1.57,1.68,0.92,0.11
58.42,15.02,6.10,0.07,3.20,3.20,1.53,1.56,0.91,0.13
58.42,14.48,6.21,0.07,3.19,2.87,1.56,1.54,0.96,0.11
59.41,14.53,6.16,0.09,2.79,2.07,1.27,1.59,0.95,0.11
59.40,14.36,5.40,0.06,2.76,3.28,1.47,1.79,0.83,0.10
55.07,14.92,6.59,0.06,3.14,4.15,0.80,2.02,1.23,0.10
54.58,17.31,6.47,0.06,2.92,1.47,2.03,2.53,0.94,0.09
52.90,17.77,6.34,0.06,3.01,2.79,1.02,2.84,0.83,0.09
56.09,17.49,5.29,0.06,2.48,1.27,3.61,2.55,0.80,0.10
51.77,16.02,4.62,0.07,2.77,2.75,8.89,2.08,0.89,0.10
59.44,15.22,5.15,0.07,3.20,2.24,1.59,2.22,0.72,0.10
59.56,14.14,5.59,0.07,3.35,2.75,1.74,1.90,0.87,0.11
58.41,14.19,6.17,0.08,3.11,3.33,1.81,1.41,1.19,0.10
61.02,14.09,5.06,0.07,2.91,2.48,1.71,2.02,0.72,0.13
57.29,13.98,5.99,0.07,3.02,4.18,1.67,1.51,0.85,0.09
59.59,13.30,5.16,0.07,2.62,4.86,1.66,1.63,1.00,0.08
50.18,13.97,6.09,0.06,3.28,8.44,1.90,1.90,0.88,0.12
59.12,11.48,5.74,0.10,4.01,6.16,2.29,1.16,0.83,0.09
60.61,12.99,4.45,0.06,2.52,2.76,5.80,1.45,0.78,0.09
56.31,16.28,6.79,0.07,3.41,1.63,2.14,1.99,0.96,0.12
55.28,14.49,6.07,0.06,3.17,3.26,1.36,2.34,0.83,0.15
53.94,16.42,6.20,0.06,2.62,3.88,1.23,2.77,0.88,0.13
55.29,16.57,6.51,0.06,2.69,2.41,1.02,2.73,0.83,0.08
57.56,13.45,5.55,0.06,3.37,4.48,1.42,1.67,0.91,0.15
57.49,14.79,5.40,0.07,2.87,3.27,1.13,1.94,0.81,0.10
57.94,14.89,5.70,0.07,3.13,3.21,1.81,2.16,0.89,0.10
58.25,14.03,5.02,0.06,2.83,4.40,1.65,1.60,0.98,0.08
50.48,14.16,5.58,0.06,2.94,8.29,1.14,1.74,0.73,0.08
58.11,14.96,5.64,0.06,3.24,2.84,1.28,1.79,0.84,0.09
57.16,16.40,6.92,0.07,3.20,2.27,1.97,2.17,1.20,0.09
53.41,15.33,5.87,0.06,3.76,3.37,4.96,1.68,1.00,0.07
50.06,13.79,6.03,0.06,3.59,7.59,1.59,2.04,0.77,0.11
57.33,15.40,6.72,0.06,3.33,2.13,0.96,2.15,1.34,0.12
53.17,17.22,6.95,0.06,3.40,2.74,1.12,2.63,0.92,0.11
56.18,15.31,6.05,0.08,2.75,2.49,1.24,2.06,0.91,0.10
58.36,14.14,5.47,0.07,2.57,4.37,1.46,2.15,0.93,0.08
58.62,14.41,4.80,0.07,3.05,3.35,1.42,2.24,0.88,0.11
60.42,14.90,4.75,0.06,2.83,2.20,1.78,1.54,0.78,0.09
56.98,15.94,5.65,0.08,2.93,3.19,1.02,2.21,0.84,0.09
57.11,14.63,6.13,0.08,3.82,3.58,1.32,2.02,0.89,0.11
59.14,14.26,4.49,0.06,3.04,3.48,2.54,2.45,0.74,0.13
57.91,13.11,4.62,0.06,2.80,6.23,2.56,1.87,0.83,0.10
59.42,14.38,5.27,0.07,2.73,3.52,1.46,2.31,0.82,0.10
63.63,13.30,4.80,0.07,2.37,2.81,1.73,1.94,0.94,0.10
59.94,14.96,5.01,0.05,2.81,2.04,3.99,1.73,1.29,0.12
59.88,14.05,5.59,0.07,2.91,3.70,1.44,1.92,1.01,0.09
55.15,17.25,5.42,0.04,3.56,3.66,2.52,2.03,0.73,0.09
54.53,13.51,4.74,0.06,2.84,5.84,2.93,1.82,0.89,0.22
57.91,14.18,5.39,0.07,3.00,4.45,1.36,2.03,0.85,0.09
62.21,14.94,4.53,0.06,2.64,2.28,2.06,2.25,0.78,0.08
60.26,15.30,4.93,0.06,2.68,1.85,1.59,2.30,0.82,0.11
57.94,14.69,5.80,0.07,3.32,3.17,1.09,2.15,0.89,0.12
54.96,16.67,6.42,0.07,2.76,2.60,1.23,3.09,0.98,0.10
54.90,16.12,6.60,0.08,3.36,3.85,2.43,2.46,0.90,0.09
51.23,15.07,5.75,0.06,3.58,8.77,2.34,2.16,0.79,0.12
51.69,14.55,4.93,0.06,3.00,8.12,1.63,2.42,0.72,0.09
53.91,13.94,5.59,0.06,2.75,6.13,1.79,2.10,0.99,0.11
56.71,16.23,7.07,0.06,3.00,2.16,1.55,2.45,1.45,0.18
56.29,12.72,5.15,0.06,2.42,6.29,0.94,1.41,0.89,0.09
57.32,14.99,5.87,0.06,3.44,3.47,2.04,1.30,0.94,0.09
57.11,13.52,5.03,0.07,2.41,6.81,2.62,1.50,1.08,0.08
59.92,13.98,4.77,0.06,2.91,3.40,1.74,1.92,0.79,0.19
56.05,13.54,5.21,0.06,3.03,6.05,1.39,1.74,0.83,0.10
54.67,14.75,5.69,0.07,2.90,5.46,0.88,2.54,0.79,0.10
53.01,15.90,5.51,0.08,2.62,5.65,1.09,3.33,0.86,0.13
54.78,16.98,5.90,0.06,2.64,2.81,1.26,3.13,0.92,0.09
49.69,16.70,7.13,0.08,3.50,5.66,0.98,3.31,0.91,0.19
58.97,14.29,6.25,0.08,3.47,3.11,1.54,2.03,0.71,0.12
57.10,14.77,5.54,0.08,3.70,4.63,2.10,1.93,0.75,0.11
48.05,15.17,5.17,0.05,3.71,8.48,1.77,2.08,0.67,0.14
57.28,15.67,5.60,0.05,2.82,2.10,1.45,2.06,1.10,0.07
51.82,13.96,5.72,0.06,2.86,7.35,0.80,1.72,0.83,0.09
58.18,12.94,5.21,0.07,2.86,5.45,0.94,1.74,0.79,0.15
58.05,12.10,4.94,0.06,3.01,6.71,1.43,1.55,0.77,0.10
58.10,14.17,6.07,0.07,3.23,3.74,1.25,2.14,0.98,0.09
58.74,14.45,5.55,0.07,2.29,4.55,1.39,1.96,1.00,0.08
49.57,15.97,4.66,0.04,3.73,7.58,2.16,2.36,0.86,0.09
57.01,15.92,5.69,0.07,2.74,2.67,1.56,3.46,0.82,0.19
56.69,17.90,6.05,0.08,2.59,1.37,1.86,3.35,0.86,0.08
53.98,17.74,6.67,0.07,2.93,2.41,1.17,3.51,0.93,0.12
58.90,12.74,6.06,0.09,2.63,2.78,1.07,1.91,0.61,0.42
54.35,14.05,5.56,0.07,3.42,4.76,1.96,2.17,0.64,0.25
57.20,16.40,5.94,0.06,2.95,2.65,1.08,2.80,0.82,0.10
59.92,12.53,5.31,0.06,2.66,5.63,1.24,1.53,0.96,0.07
61.08,13.89,5.41,0.06,2.51,3.52,0.98,1.92,0.80,0.09
55.35,12.78,5.15,0.08,2.99,6.77,0.93,1.68,0.79,0.14
56.53,13.19,5.49,0.07,3.09,5.32,0.89,1.71,0.80,0.10
58.29,14.33,5.48,0.08,3.14,2.81,0.75,2.59,0.86,0.16
58.53,14.98,5.20,0.08,2.71,2.77,0.84,2.79,0.85,0.13
57.31,14.71,5.56,0.08,2.77,2.69,0.55,2.53,0.86,0.12
52.98,15.05,5.08,0.07,2.62,6.50,1.61,2.61,0.81,0.09
50.29,16.92,5.22,0.07,2.79,6.88,1.84,3.28,0.81,0.06
53.08,17.91,7.01,0.09,3.32,2.37,0.83,3.58,0.85,0.10
59.04,15.42,6.13,0.08,3.14,1.82,1.25,1.90,0.85,0.09
53.97,17.16,6.07,0.06,2.69,4.15,0.84,3.34,0.84,0.11
55.90,14.18,6.13,0.07,3.03,5.25,1.01,1.89,0.92,0.12
58.12,13.64,5.12,0.06,2.14,6.16,0.88,1.84,0.96,0.06
56.53,14.18,6.08,0.06,2.72,4.66,0.99,1.65,0.97,0.09
57.35,15.25,6.93,0.07,3.71,2.05,0.43,2.11,0.80,0.08
60.72,14.49,4.92,0.07,2.54,2.44,1.12,2.57,0.82,0.14
57.74,14.29,4.76,0.07,2.57,4.81,2.04,2.18,0.84,0.11
56.67,14.46,5.32,0.07,2.73,4.91,0.94,2.39,0.81,0.10
60.19,13.66,4.96,0.07,2.70,3.97,1.49,1.95,0.84,0.10
54.34,16.14,5.97,0.08,2.97,3.55,0.63,2.79,0.87,0.15
57.62,14.32,5.22,0.07,3.05,3.61,0.73,2.43,0.75,0.13
60.91,12.65,5.78,0.10,2.18,4.25,0.71,1.90,0.75,0.10
56.77,13.22,5.36,0.08,2.76,5.20,0.53,2.24,0.76,0.12
56.18,14.69,5.65,0.06,2.41,5.12,0.64,2.50,0.87,0.10
57.65,14.76,5.75,0.07,2.92,3.22,0.59,1.87,0.88,0.09
52.76,13.59,5.43,0.06,3.20,7.57,1.38,1.38,0.84,0.09
54.38,14.20,6.03,0.06,3.07,5.60,0.79,1.58,0.91,0.10
58.75,13.18,5.28,0.07,3.38,3.83,0.51,1.84,0.83,0.11
58.17,15.16,5.82,0.08,2.68,2.04,0.66,2.64,0.89,0.09
56.09,16.40,6.58,0.09,2.65,1.46,0.52,2.97,0.92,0.09
57.29,15.12,5.39,0.08,2.55,2.79,0.87,2.29,0.89,0.10
57.83,14.92,5.72,0.08,2.66,3.36,0.92,2.52,0.84,0.09
60.16,13.74,4.83,0.07,2.68,2.89,0.97,2.16,0.85,0.11
56.20,15.19,5.67,0.09,2.88,2.73,0.64,1.90,0.87,0.12
56.54,14.00,5.42,0.08,2.48,4.55,0.49,1.97,0.78,0.11
63.71,13.76,5.25,0.08,2.07,1.46,0.53,2.05,0.90,0.09
57.02,15.65,6.13,0.08,2.69,1.97,0.51,2.35,0.90,0.09
52.75,15.11,5.69,0.07,3.35,4.92,0.70,2.12,0.78,0.16
50.03,12.70,5.11,0.07,2.90,9.54,0.78,1.70,0.79,0.12
52.61,14.58,5.99,0.06,3.36,5.50,0.73,1.33,0.83,0.10
55.72,14.55,5.91,0.05,3.10,4.24,0.50,1.49,0.87,0.09
